"","season","year","subarea","source","bt_temp","ref_bt","anomaly"
"1",4,1993,"GB","GLORYS",11.0462003189645,10.7500583558992,0.296141963065327
"2",4,1994,"GB","GLORYS",11.1421033493712,10.7500583558992,0.392044993471998
"3",4,1995,"GB","GLORYS",11.1720190677239,10.7500583558992,0.421960711824736
"4",4,1996,"GB","GLORYS",9.32380035826095,10.7500583558992,-1.42625799763826
"5",4,1997,"GB","GLORYS",10.3385682457754,10.7500583558992,-0.411490110123797
"6",4,1998,"GB","GLORYS",9.71593972048554,10.7500583558992,-1.03411863541367
"7",4,1999,"GB","GLORYS",12.1731087323437,10.7500583558992,1.42305037644453
"8",4,2000,"GB","GLORYS",10.4131584336731,10.7500583558992,-0.336899922226081
"9",4,2001,"GB","GLORYS",11.4343811910017,10.7500583558992,0.684322835102455
"10",4,2002,"GB","GLORYS",11.3016481787653,10.7500583558992,0.551589822866084
"11",4,2003,"GB","GLORYS",10.5792062609892,10.7500583558992,-0.170852094909975
"12",4,2004,"GB","GLORYS",9.65617533430141,10.7500583558992,-1.0938830215978
"13",4,2005,"GB","GLORYS",10.5348399407921,10.7500583558992,-0.215218415107135
"14",4,2006,"GB","GLORYS",11.0402821280347,10.7500583558992,0.290223772135526
"15",4,2007,"GB","GLORYS",9.3839720983414,10.7500583558992,-1.36608625755781
"16",4,2008,"GB","GLORYS",10.6919898001573,10.7500583558992,-0.0580685557418779
"17",4,2009,"GB","GLORYS",12.3624610810564,10.7500583558992,1.61240272515717
"18",4,2010,"GB","GLORYS",11.1911961661478,10.7500583558992,0.441137810248588
"19",4,2011,"GB","GLORYS",11.7499048535746,10.7500583558992,0.999846497675351
"20",4,2012,"GB","GLORYS",12.7721527209986,10.7500583558992,2.02209436509944
"21",4,2013,"GB","GLORYS",12.1118488060286,10.7500583558992,1.36179045012941
"22",4,2014,"GB","GLORYS",12.9556904900854,10.7500583558992,2.20563213418616
"23",4,2015,"GB","GLORYS",13.0576990094716,10.7500583558992,2.30764065357235
"24",4,2016,"GB","GLORYS",12.8139077404736,10.7500583558992,2.0638493845744
"25",4,2017,"GB","GLORYS",12.6296287317954,10.7500583558992,1.87957037589623
"26",4,2018,"GB","GLORYS",11.7065012813783,10.7500583558992,0.956442925479072
"27",4,2019,"GB","GLORYS",11.74126670483,10.7500583558992,0.991208348930762
"28",4,2020,"GB","GLORYS",12.2464958181922,10.7500583558992,1.49643746229295
"29",4,2020,"GB","PSY",11.9588193400861,10.7500583558992,1.20876098418691
"30",4,2021,"GB","PSY",11.8321713743374,10.7500583558992,1.08211301843814
"31",4,2022,"GB","PSY",11.6709929963125,10.7500583558992,0.920934640413249
"32",4,1959,"GB","ROMS",10.4595696843886,10.7500583558992,-0.290488671510566
"33",4,1960,"GB","ROMS",10.0734384772601,10.7500583558992,-0.676619878639073
"34",4,1961,"GB","ROMS",9.17782820349117,10.7500583558992,-1.57223015240804
"35",4,1962,"GB","ROMS",9.6477511535651,10.7500583558992,-1.10230720233412
"36",4,1963,"GB","ROMS",9.84930724558112,10.7500583558992,-0.90075111031809
"37",4,1964,"GB","ROMS",9.48040631398197,10.7500583558992,-1.26965204191724
"38",4,1965,"GB","ROMS",9.1597500387548,10.7500583558992,-1.59030831714441
"39",4,1966,"GB","ROMS",10.067618347952,10.7500583558992,-0.682440007947175
"40",4,1967,"GB","ROMS",9.68022470582077,10.7500583558992,-1.06983365007844
"41",4,1968,"GB","ROMS",10.0119306595395,10.7500583558992,-0.738127696359726
"42",4,1969,"GB","ROMS",11.037197063135,10.7500583558992,0.287138707235828
"43",4,1970,"GB","ROMS",10.8441723401699,10.7500583558992,0.0941139842706615
"44",4,1971,"GB","ROMS",11.0969738023773,10.7500583558992,0.346915446478087
"45",4,1972,"GB","ROMS",10.508171046215,10.7500583558992,-0.241887309684204
"46",4,1973,"GB","ROMS",10.6771646674448,10.7500583558992,-0.0728936884543785
"47",4,1974,"GB","ROMS",11.3329009399204,10.7500583558992,0.582842584021213
"48",4,1975,"GB","ROMS",11.8419796233579,10.7500583558992,1.09192126745872
"49",4,1976,"GB","ROMS",10.3324811037359,10.7500583558992,-0.417577252163326
"50",4,1977,"GB","ROMS",11.1715987640305,10.7500583558992,0.421540408131319
"51",4,1978,"GB","ROMS",11.1974773399881,10.7500583558992,0.447418984088859
"52",4,1979,"GB","ROMS",10.2525333778117,10.7500583558992,-0.497524978087549
"53",4,1980,"GB","ROMS",10.0208582841125,10.7500583558992,-0.729200071786746
"54",4,1981,"GB","ROMS",10.2128703895533,10.7500583558992,-0.537187966345945
"55",4,1982,"GB","ROMS",10.847571414045,10.7500583558992,0.0975130581458057
"56",4,1983,"GB","ROMS",10.4627575763816,10.7500583558992,-0.287300779517629
"57",4,1984,"GB","ROMS",10.5835162834218,10.7500583558992,-0.16654207247745
"58",4,1985,"GB","ROMS",11.729873856187,10.7500583558992,0.979815500287755
"59",4,1986,"GB","ROMS",11.3645046010028,10.7500583558992,0.614446245103576
"60",4,1987,"GB","ROMS",10.0695902233925,10.7500583558992,-0.680468132506746
"61",4,1988,"GB","ROMS",10.1275450190479,10.7500583558992,-0.622513336851274
"62",4,1989,"GB","ROMS",10.5549606184185,10.7500583558992,-0.195097737480666
"63",4,1990,"GB","ROMS",10.6656332060003,10.7500583558992,-0.084425149898891
"64",4,1991,"GB","ROMS",11.587443894037,10.7500583558992,0.837385538137774
"65",4,1992,"GB","ROMS",9.94321484693691,10.7500583558992,-0.806843508962306
"66",2,1993,"GB","GLORYS",6.76146070461122,7.21555975522343,-0.454099050612208
"67",2,1994,"GB","GLORYS",7.55240005641865,7.21555975522343,0.33684030119522
"68",2,1995,"GB","GLORYS",7.51649283360425,7.21555975522343,0.30093307838082
"69",2,1996,"GB","GLORYS",6.78372407338816,7.21555975522343,-0.431835681835274
"70",2,1997,"GB","GLORYS",7.18489031931307,7.21555975522343,-0.0306694359103554
"71",2,1998,"GB","GLORYS",6.8990130949588,7.21555975522343,-0.316546660264626
"72",2,1999,"GB","GLORYS",7.75920091579361,7.21555975522343,0.543641160570175
"73",2,2000,"GB","GLORYS",8.33816903656309,7.21555975522343,1.12260928133966
"74",2,2001,"GB","GLORYS",7.43750585752652,7.21555975522343,0.221946102303092
"75",2,2002,"GB","GLORYS",8.07834882475943,7.21555975522343,0.862789069536
"76",2,2003,"GB","GLORYS",6.7538049965691,7.21555975522343,-0.46175475865433
"77",2,2004,"GB","GLORYS",6.16205026360927,7.21555975522343,-1.05350949161416
"78",2,2005,"GB","GLORYS",6.4040982286712,7.21555975522343,-0.811461526552232
"79",2,2006,"GB","GLORYS",7.35108044811837,7.21555975522343,0.135520692894936
"80",2,2007,"GB","GLORYS",6.47018073404172,7.21555975522343,-0.745379021181707
"81",2,2008,"GB","GLORYS",6.93863617287249,7.21555975522343,-0.276923582350938
"82",2,2009,"GB","GLORYS",7.1614125391385,7.21555975522343,-0.0541472160849352
"83",2,2010,"GB","GLORYS",8.3276064940643,7.21555975522343,1.11204673884087
"84",2,2011,"GB","GLORYS",7.59745359679696,7.21555975522343,0.381893841573527
"85",2,2012,"GB","GLORYS",9.29601641178042,7.21555975522343,2.08045665655699
"86",2,2013,"GB","GLORYS",8.34530054147147,7.21555975522343,1.12974078624804
"87",2,2014,"GB","GLORYS",7.86423588881495,7.21555975522343,0.648676133591523
"88",2,2015,"GB","GLORYS",7.91511007439164,7.21555975522343,0.699550319168212
"89",2,2016,"GB","GLORYS",8.8989348064692,7.21555975522343,1.68337505124577
"90",2,2017,"GB","GLORYS",7.45226142246801,7.21555975522343,0.236701667244583
"91",2,2018,"GB","GLORYS",8.04792244741757,7.21555975522343,0.832362692194139
"92",2,2019,"GB","GLORYS",7.27671282494013,7.21555975522343,0.0611530697167026
"93",2,2020,"GB","GLORYS",7.83475751110486,7.21555975522343,0.619197755881426
"94",2,2021,"GB","PSY",9.06671495295762,7.21555975522343,1.85115519773419
"95",2,2022,"GB","PSY",9.20680908336879,7.21555975522343,1.99124932814536
"96",2,2023,"GB","PSY",8.44739168357254,7.21555975522343,1.2318319283491
"97",2,1959,"GB","ROMS",6.51422398466033,7.21555975522343,-0.701335770563102
"98",2,1960,"GB","ROMS",6.70170640586131,7.21555975522343,-0.513853349362116
"99",2,1961,"GB","ROMS",6.36096046461459,7.21555975522343,-0.854599290608839
"100",2,1962,"GB","ROMS",6.93576064877785,7.21555975522343,-0.279799106445578
"101",2,1963,"GB","ROMS",6.86778150196955,7.21555975522343,-0.347778253253883
"102",2,1964,"GB","ROMS",6.38076381629612,7.21555975522343,-0.834795938927314
"103",2,1965,"GB","ROMS",5.72798413749332,7.21555975522343,-1.48757561773011
"104",2,1966,"GB","ROMS",6.00776886322979,7.21555975522343,-1.20779089199364
"105",2,1967,"GB","ROMS",5.78615934010906,7.21555975522343,-1.42940041511437
"106",2,1968,"GB","ROMS",6.28518888254672,7.21555975522343,-0.930370872676711
"107",2,1969,"GB","ROMS",6.99432877419017,7.21555975522343,-0.221230981033259
"108",2,1970,"GB","ROMS",6.60126988702177,7.21555975522343,-0.614289868201656
"109",2,1971,"GB","ROMS",6.32341924336714,7.21555975522343,-0.892140511856294
"110",2,1972,"GB","ROMS",6.83701599707813,7.21555975522343,-0.378543758145297
"111",2,1973,"GB","ROMS",7.02678421322513,7.21555975522343,-0.188775541998302
"112",2,1974,"GB","ROMS",7.40377344869407,7.21555975522343,0.18821369347064
"113",2,1975,"GB","ROMS",7.13484808919118,7.21555975522343,-0.0807116660322462
"114",2,1976,"GB","ROMS",7.44942611073097,7.21555975522343,0.233866355507541
"115",2,1977,"GB","ROMS",6.96944020468838,7.21555975522343,-0.246119550535051
"116",2,1978,"GB","ROMS",6.55201323675087,7.21555975522343,-0.663546518472558
"117",2,1979,"GB","ROMS",6.09019050367965,7.21555975522343,-1.12536925154378
"118",2,1980,"GB","ROMS",6.73653573267816,7.21555975522343,-0.479024022545273
"119",2,1981,"GB","ROMS",6.63319808194596,7.21555975522343,-0.582361673277466
"120",2,1982,"GB","ROMS",6.3185984364216,7.21555975522343,-0.89696131880183
"121",2,1983,"GB","ROMS",7.27794541058497,7.21555975522343,0.0623856553615347
"122",2,1984,"GB","ROMS",6.67894586970606,7.21555975522343,-0.536613885517371
"123",2,1985,"GB","ROMS",7.45585454874243,7.21555975522343,0.240294793518999
"124",2,1986,"GB","ROMS",7.83336395801329,7.21555975522343,0.617804202789862
"125",2,1987,"GB","ROMS",6.94580649157328,7.21555975522343,-0.269753263650151
"126",2,1988,"GB","ROMS",6.55309271654919,7.21555975522343,-0.662467038674239
"127",2,1989,"GB","ROMS",6.99266181688595,7.21555975522343,-0.222897938337479
"128",2,1990,"GB","ROMS",7.39397760542363,7.21555975522343,0.178417850200201
"129",2,1991,"GB","ROMS",8.04973469395269,7.21555975522343,0.834174938729261
"130",2,1992,"GB","ROMS",6.88121472485088,7.21555975522343,-0.334345030372551
"131",3,1993,"GB","GLORYS",10.1199100146874,10.5863019882423,-0.466391973554931
"132",3,1994,"GB","GLORYS",11.5558077404542,10.5863019882423,0.969505752211898
"133",3,1995,"GB","GLORYS",11.18720676444,10.5863019882423,0.600904776197725
"134",3,1996,"GB","GLORYS",9.27454331296831,10.5863019882423,-1.311758675274
"135",3,1997,"GB","GLORYS",11.0460270918028,10.5863019882423,0.459725103560501
"136",3,1998,"GB","GLORYS",9.76060261536945,10.5863019882423,-0.825699372872856
"137",3,1999,"GB","GLORYS",11.990204161348,10.5863019882423,1.40390217310567
"138",3,2000,"GB","GLORYS",11.1342490877456,10.5863019882423,0.547947099503336
"139",3,2001,"GB","GLORYS",10.8404532399891,10.5863019882423,0.254151251746794
"140",3,2002,"GB","GLORYS",11.3239832667669,10.5863019882423,0.737681278524613
"141",3,2003,"GB","GLORYS",10.2281771585711,10.5863019882423,-0.358124829671231
"142",3,2004,"GB","GLORYS",9.21972393989563,10.5863019882423,-1.36657804834667
"143",3,2005,"GB","GLORYS",9.8001382973603,10.5863019882423,-0.786163690882004
"144",3,2006,"GB","GLORYS",10.9222994413668,10.5863019882423,0.33599745312454
"145",3,2007,"GB","GLORYS",9.73210395715331,10.5863019882423,-0.854198031088998
"146",3,2008,"GB","GLORYS",10.1916849396982,10.5863019882423,-0.39461704854414
"147",3,2009,"GB","GLORYS",10.9054459528696,10.5863019882423,0.31914396462734
"148",3,2010,"GB","GLORYS",11.3208748058747,10.5863019882423,0.73457281763241
"149",3,2011,"GB","GLORYS",10.2404463042151,10.5863019882423,-0.345855684027201
"150",3,2012,"GB","GLORYS",12.1703386681479,10.5863019882423,1.5840366799056
"151",3,2013,"GB","GLORYS",11.5359962763966,10.5863019882423,0.949694288154291
"152",3,2014,"GB","GLORYS",12.1002328226177,10.5863019882423,1.51393083437543
"153",3,2015,"GB","GLORYS",11.7106611896424,10.5863019882423,1.12435920140009
"154",3,2016,"GB","GLORYS",11.9798739777344,10.5863019882423,1.39357198949212
"155",3,2017,"GB","GLORYS",11.7032760598184,10.5863019882423,1.11697407157605
"156",3,2018,"GB","GLORYS",11.0915973022752,10.5863019882423,0.505295314032876
"157",3,2019,"GB","GLORYS",10.5169012163019,10.5863019882423,-0.0694007719404528
"158",3,2020,"GB","GLORYS",11.4622599581739,10.5863019882423,0.875957969931591
"159",3,2021,"GB","PSY",11.3519884192093,10.5863019882423,0.765686430966998
"160",3,2022,"GB","PSY",11.0331004004066,10.5863019882423,0.446798412164277
"161",3,2023,"GB","PSY",9.8850726354869,10.5863019882423,-0.701229352755407
"162",3,1959,"GB","ROMS",9.73443332970466,10.5863019882423,-0.851868658537642
"163",3,1960,"GB","ROMS",9.9552439014119,10.5863019882423,-0.631058086830404
"164",3,1961,"GB","ROMS",9.54268543786341,10.5863019882423,-1.04361655037889
"165",3,1962,"GB","ROMS",9.74204772318959,10.5863019882423,-0.84425426505271
"166",3,1963,"GB","ROMS",9.83048061515675,10.5863019882423,-0.755821373085556
"167",3,1964,"GB","ROMS",9.53276987032136,10.5863019882423,-1.05353211792094
"168",3,1965,"GB","ROMS",8.98007570210701,10.5863019882423,-1.60622628613529
"169",3,1966,"GB","ROMS",9.21148564997923,10.5863019882423,-1.37481633826307
"170",3,1967,"GB","ROMS",9.17957695291368,10.5863019882423,-1.40672503532862
"171",3,1968,"GB","ROMS",9.37044609931413,10.5863019882423,-1.21585588892817
"172",3,1969,"GB","ROMS",9.94537315332645,10.5863019882423,-0.640928834915851
"173",3,1970,"GB","ROMS",9.77732115666566,10.5863019882423,-0.808980831576646
"174",3,1971,"GB","ROMS",9.87235019191551,10.5863019882423,-0.713951796326791
"175",3,1972,"GB","ROMS",10.355862633213,10.5863019882423,-0.230439355029278
"176",3,1973,"GB","ROMS",10.438918975213,10.5863019882423,-0.147383013029279
"177",3,1974,"GB","ROMS",10.880824729062,10.5863019882423,0.294522740819714
"178",3,1975,"GB","ROMS",11.2023195144362,10.5863019882423,0.616017526193913
"179",3,1976,"GB","ROMS",10.9683335929,10.5863019882423,0.38203160465771
"180",3,1977,"GB","ROMS",10.923707642471,10.5863019882423,0.337405654228709
"181",3,1978,"GB","ROMS",10.4395468318274,10.5863019882423,-0.146755156414882
"182",3,1979,"GB","ROMS",9.95654638528039,10.5863019882423,-0.629755602961914
"183",3,1980,"GB","ROMS",10.5824189450573,10.5863019882423,-0.00388304318499344
"184",3,1981,"GB","ROMS",10.6018504501666,10.5863019882423,0.0155484619243129
"185",3,1982,"GB","ROMS",10.572721037017,10.5863019882423,-0.0135809512253413
"186",3,1983,"GB","ROMS",10.3869719013578,10.5863019882423,-0.199330086884508
"187",3,1984,"GB","ROMS",10.3963289209751,10.5863019882423,-0.189973067267251
"188",3,1985,"GB","ROMS",10.9558601994815,10.5863019882423,0.369558211239195
"189",3,1986,"GB","ROMS",10.9180646417943,10.5863019882423,0.331762653551978
"190",3,1987,"GB","ROMS",10.0571211820521,10.5863019882423,-0.529180806190178
"191",3,1988,"GB","ROMS",10.0836266453493,10.5863019882423,-0.502675342892989
"192",3,1989,"GB","ROMS",10.2033478933383,10.5863019882423,-0.382954094903965
"193",3,1990,"GB","ROMS",10.4392779849339,10.5863019882423,-0.14702400330842
"194",3,1991,"GB","ROMS",11.2205161191367,10.5863019882423,0.634214130894428
"195",3,1992,"GB","ROMS",10.1320490350598,10.5863019882423,-0.454252953182513
"196",1,1993,"GB","GLORYS",5.67774155296859,6.31224676718831,-0.634505214219718
"197",1,1994,"GB","GLORYS",6.04854329345307,6.31224676718831,-0.263703473735238
"198",1,1995,"GB","GLORYS",6.73371560171331,6.31224676718831,0.421468834525003
"199",1,1996,"GB","GLORYS",5.7369115445343,6.31224676718831,-0.575335222654012
"200",1,1997,"GB","GLORYS",6.23551413487194,6.31224676718831,-0.0767326323163751
"201",1,1998,"GB","GLORYS",5.85071850836503,6.31224676718831,-0.461528258823278
"202",1,1999,"GB","GLORYS",6.89527741661835,6.31224676718831,0.583030649430036
"203",1,2000,"GB","GLORYS",7.12112126850215,6.31224676718831,0.808874501313841
"204",1,2001,"GB","GLORYS",6.5233287010395,6.31224676718831,0.211081933851183
"205",1,2002,"GB","GLORYS",7.05541482667694,6.31224676718831,0.743168059488631
"206",1,2003,"GB","GLORYS",5.73447967757987,6.31224676718831,-0.577767089608447
"207",1,2004,"GB","GLORYS",5.25701917837301,6.31224676718831,-1.0552275888153
"208",1,2005,"GB","GLORYS",5.48448665538221,6.31224676718831,-0.827760111806104
"209",1,2006,"GB","GLORYS",6.69430060738597,6.31224676718831,0.382053840197656
"210",1,2007,"GB","GLORYS",6.73805396791693,6.31224676718831,0.425807200728614
"211",1,2008,"GB","GLORYS",6.28315122635211,6.31224676718831,-0.0290955408362024
"212",1,2009,"GB","GLORYS",6.23936206503486,6.31224676718831,-0.0728847021534564
"213",1,2010,"GB","GLORYS",7.31130158262149,6.31224676718831,0.999054815433174
"214",1,2011,"GB","GLORYS",6.7194131858753,6.31224676718831,0.407166418686988
"215",1,2012,"GB","GLORYS",8.08077432875948,6.31224676718831,1.76852756157117
"216",1,2013,"GB","GLORYS",7.47776347069319,6.31224676718831,1.16551670350488
"217",1,2014,"GB","GLORYS",6.66021983235905,6.31224676718831,0.347973065170733
"218",1,2015,"GB","GLORYS",7.82735693407937,6.31224676718831,1.51511016689106
"219",1,2016,"GB","GLORYS",7.88398243227962,6.31224676718831,1.57173566509131
"220",1,2017,"GB","GLORYS",7.61735907131054,6.31224676718831,1.30511230412223
"221",1,2018,"GB","GLORYS",7.062775821713,6.31224676718831,0.750529054524685
"222",1,2019,"GB","GLORYS",6.56086588487921,6.31224676718831,0.248619117690894
"223",1,2020,"GB","GLORYS",7.44256527365413,6.31224676718831,1.13031850646582
"224",1,2021,"GB","PSY",8.0381843273336,6.31224676718831,1.72593756014529
"225",1,2022,"GB","PSY",8.21866508584713,6.31224676718831,1.90641831865882
"226",1,2023,"GB","PSY",8.35191271584145,6.31224676718831,2.03966594865314
"227",1,1958,"GB","ROMS",8.16948316045679,6.31224676718831,1.85723639326847
"228",1,1959,"GB","ROMS",5.20156230568847,6.31224676718831,-1.11068446149984
"229",1,1960,"GB","ROMS",6.16714245802861,6.31224676718831,-0.145104309159706
"230",1,1961,"GB","ROMS",5.66868896206764,6.31224676718831,-0.643557805120673
"231",1,1962,"GB","ROMS",5.81841608960476,6.31224676718831,-0.493830677583552
"232",1,1963,"GB","ROMS",5.87142963240667,6.31224676718831,-0.440817134781644
"233",1,1964,"GB","ROMS",5.26833835416824,6.31224676718831,-1.04390841302007
"234",1,1965,"GB","ROMS",4.90818927186678,6.31224676718831,-1.40405749532153
"235",1,1966,"GB","ROMS",4.86213334054758,6.31224676718831,-1.45011342664074
"236",1,1967,"GB","ROMS",5.77119046179979,6.31224676718831,-0.541056305388524
"237",1,1968,"GB","ROMS",4.8264272948472,6.31224676718831,-1.48581947234111
"238",1,1969,"GB","ROMS",5.28492180185418,6.31224676718831,-1.02732496533413
"239",1,1970,"GB","ROMS",5.60514764969165,6.31224676718831,-0.707099117496657
"240",1,1971,"GB","ROMS",5.22402449073041,6.31224676718831,-1.0882222764579
"241",1,1972,"GB","ROMS",6.24975303215166,6.31224676718831,-0.0624937350366519
"242",1,1973,"GB","ROMS",5.7479168120509,6.31224676718831,-0.564329955137415
"243",1,1974,"GB","ROMS",6.46635020290259,6.31224676718831,0.154103435714275
"244",1,1975,"GB","ROMS",6.44105502936082,6.31224676718831,0.128808262172504
"245",1,1976,"GB","ROMS",6.33184948046383,6.31224676718831,0.0196027132755132
"246",1,1977,"GB","ROMS",5.17273995679216,6.31224676718831,-1.13950681039615
"247",1,1978,"GB","ROMS",5.72466901536469,6.31224676718831,-0.587577751823622
"248",1,1979,"GB","ROMS",5.28782911434694,6.31224676718831,-1.02441765284137
"249",1,1980,"GB","ROMS",5.32669941392777,6.31224676718831,-0.985547353260539
"250",1,1981,"GB","ROMS",4.9054848161332,6.31224676718831,-1.40676195105512
"251",1,1982,"GB","ROMS",5.21218180808311,6.31224676718831,-1.1000649591052
"252",1,1983,"GB","ROMS",6.73072768912828,6.31224676718831,0.418480921939965
"253",1,1984,"GB","ROMS",5.84688026596948,6.31224676718831,-0.465366501218828
"254",1,1985,"GB","ROMS",6.42623088600743,6.31224676718831,0.113984118819117
"255",1,1986,"GB","ROMS",6.54286131878845,6.31224676718831,0.230614551600139
"256",1,1987,"GB","ROMS",6.01649659865687,6.31224676718831,-0.295750168531441
"257",1,1988,"GB","ROMS",5.7093602500939,6.31224676718831,-0.602886517094407
"258",1,1989,"GB","ROMS",5.6843924208775,6.31224676718831,-0.627854346310809
"259",1,1990,"GB","ROMS",5.81916360022643,6.31224676718831,-0.493083166961878
"260",1,1991,"GB","ROMS",6.84249672557458,6.31224676718831,0.530249958386269
"261",1,1992,"GB","ROMS",6.46524532266741,6.31224676718831,0.152998555479101
"262",4,1993,"GOM","GLORYS",7.70553442238363,7.66413345639661,0.0414009659870223
"263",4,1994,"GOM","GLORYS",8.40051627787771,7.66413345639661,0.736382821481102
"264",4,1995,"GOM","GLORYS",8.04423161588383,7.66413345639661,0.380098159487216
"265",4,1996,"GOM","GLORYS",7.96610240704292,7.66413345639661,0.301968950646311
"266",4,1997,"GOM","GLORYS",7.84775201802658,7.66413345639661,0.183618561629974
"267",4,1998,"GOM","GLORYS",6.74936575980265,7.66413345639661,-0.914767696593958
"268",4,1999,"GOM","GLORYS",8.25590151763596,7.66413345639661,0.591768061239345
"269",4,2000,"GOM","GLORYS",7.9710122139208,7.66413345639661,0.306878757524192
"270",4,2001,"GOM","GLORYS",7.54743551250737,7.66413345639661,-0.116697943889237
"271",4,2002,"GOM","GLORYS",8.22078701620816,7.66413345639661,0.556653559811552
"272",4,2003,"GOM","GLORYS",7.35876793782537,7.66413345639661,-0.305365518571238
"273",4,2004,"GOM","GLORYS",6.68064634541506,7.66413345639661,-0.983487110981553
"274",4,2005,"GOM","GLORYS",7.45902990382091,7.66413345639661,-0.205103552575697
"275",4,2006,"GOM","GLORYS",8.20949339566543,7.66413345639661,0.545359939268818
"276",4,2007,"GOM","GLORYS",6.96523264216011,7.66413345639661,-0.698900814236504
"277",4,2008,"GOM","GLORYS",7.07118068932189,7.66413345639661,-0.592952767074723
"278",4,2009,"GOM","GLORYS",7.24690562292161,7.66413345639661,-0.417227833475002
"279",4,2010,"GOM","GLORYS",8.254506916719,7.66413345639661,0.590373460322385
"280",4,2011,"GOM","GLORYS",8.52263012241057,7.66413345639661,0.858496666013958
"281",4,2012,"GOM","GLORYS",8.89711817953967,7.66413345639661,1.23298472314306
"282",4,2013,"GOM","GLORYS",9.53789878088775,7.66413345639661,1.87376532449114
"283",4,2014,"GOM","GLORYS",8.92464796251674,7.66413345639661,1.26051450612013
"284",4,2015,"GOM","GLORYS",8.61119170892755,7.66413345639661,0.947058252530939
"285",4,2016,"GOM","GLORYS",9.48290871999627,7.66413345639661,1.81877526359966
"286",4,2017,"GOM","GLORYS",9.12740198677785,7.66413345639661,1.46326853038124
"287",4,2018,"GOM","GLORYS",8.74498930901771,7.66413345639661,1.0808558526211
"288",4,2019,"GOM","GLORYS",9.58731517185965,7.66413345639661,1.92318171546304
"289",4,2020,"GOM","GLORYS",9.31221827609779,7.66413345639661,1.64808481970118
"290",4,2020,"GOM","PSY",8.60750191712645,7.66413345639661,0.943368460729835
"291",4,2021,"GOM","PSY",9.45947618814071,7.66413345639661,1.7953427317441
"292",4,2022,"GOM","PSY",8.90763696325305,7.66413345639661,1.24350350685644
"293",4,1959,"GOM","ROMS",6.4774989746778,7.66413345639661,-1.18663448171881
"294",4,1960,"GOM","ROMS",6.04930522730204,7.66413345639661,-1.61482822909457
"295",4,1961,"GOM","ROMS",6.25031914809553,7.66413345639661,-1.41381430830108
"296",4,1962,"GOM","ROMS",6.08129437317585,7.66413345639661,-1.58283908322076
"297",4,1963,"GOM","ROMS",6.56937494691985,7.66413345639661,-1.09475850947676
"298",4,1964,"GOM","ROMS",6.928634023516,7.66413345639661,-0.735499432880613
"299",4,1965,"GOM","ROMS",6.76659985988314,7.66413345639661,-0.897533596513471
"300",4,1966,"GOM","ROMS",6.81710655229372,7.66413345639661,-0.84702690410289
"301",4,1967,"GOM","ROMS",6.75954188800326,7.66413345639661,-0.904591568393346
"302",4,1968,"GOM","ROMS",6.57307241397712,7.66413345639661,-1.09106104241949
"303",4,1969,"GOM","ROMS",6.46685949668528,7.66413345639661,-1.19727395971133
"304",4,1970,"GOM","ROMS",7.23947615541789,7.66413345639661,-0.424657300978721
"305",4,1971,"GOM","ROMS",6.97091972600392,7.66413345639661,-0.693213730392695
"306",4,1972,"GOM","ROMS",7.2046431290483,7.66413345639661,-0.459490327348314
"307",4,1973,"GOM","ROMS",7.00021852316353,7.66413345639661,-0.663914933233076
"308",4,1974,"GOM","ROMS",7.76084833014845,7.66413345639661,0.0967148737518384
"309",4,1975,"GOM","ROMS",8.25053216452739,7.66413345639661,0.586398708130779
"310",4,1976,"GOM","ROMS",8.69269628359856,7.66413345639661,1.02856282720195
"311",4,1977,"GOM","ROMS",7.34324249296135,7.66413345639661,-0.320890963435263
"312",4,1978,"GOM","ROMS",6.77279695559537,7.66413345639661,-0.891336500801241
"313",4,1979,"GOM","ROMS",6.93185336046707,7.66413345639661,-0.732280095929543
"314",4,1980,"GOM","ROMS",7.21923272587347,7.66413345639661,-0.444900730523138
"315",4,1981,"GOM","ROMS",6.95237838101003,7.66413345639661,-0.71175507538658
"316",4,1982,"GOM","ROMS",6.60812476919124,7.66413345639661,-1.05600868720537
"317",4,1983,"GOM","ROMS",7.11446894558795,7.66413345639661,-0.54966451080866
"318",4,1984,"GOM","ROMS",7.79082163176149,7.66413345639661,0.126688175364885
"319",4,1985,"GOM","ROMS",7.89246376888033,7.66413345639661,0.228330312483725
"320",4,1986,"GOM","ROMS",8.04840073025811,7.66413345639661,0.384267273861504
"321",4,1987,"GOM","ROMS",7.5756623327327,7.66413345639661,-0.0884711236639113
"322",4,1988,"GOM","ROMS",7.85735212161148,7.66413345639661,0.193218665214869
"323",4,1989,"GOM","ROMS",7.3785436476601,7.66413345639661,-0.28558980873651
"324",4,1990,"GOM","ROMS",7.74534202128657,7.66413345639661,0.0812085648899608
"325",4,1991,"GOM","ROMS",8.05863803409795,7.66413345639661,0.394504577701343
"326",4,1992,"GOM","ROMS",6.65156350225923,7.66413345639661,-1.01256995413738
"327",2,1993,"GOM","GLORYS",5.85137913199897,6.53279112245855,-0.681411990459584
"328",2,1994,"GOM","GLORYS",7.02917306772619,6.53279112245855,0.49638194526764
"329",2,1995,"GOM","GLORYS",7.01399834882615,6.53279112245855,0.481207226367596
"330",2,1996,"GOM","GLORYS",7.05253594415975,6.53279112245855,0.519744821701197
"331",2,1997,"GOM","GLORYS",6.92116165208585,6.53279112245855,0.388370529627299
"332",2,1998,"GOM","GLORYS",6.21713376945058,6.53279112245855,-0.315657353007976
"333",2,1999,"GOM","GLORYS",6.36272259482095,6.53279112245855,-0.170068527637607
"334",2,2000,"GOM","GLORYS",7.03445163158356,6.53279112245855,0.501660509125004
"335",2,2001,"GOM","GLORYS",6.67733891045016,6.53279112245855,0.144547787991601
"336",2,2002,"GOM","GLORYS",7.0458881540209,6.53279112245855,0.513097031562346
"337",2,2003,"GOM","GLORYS",6.04431688137624,6.53279112245855,-0.488474241082312
"338",2,2004,"GOM","GLORYS",5.48719090133329,6.53279112245855,-1.04560022112526
"339",2,2005,"GOM","GLORYS",5.89371020934405,6.53279112245855,-0.639080913114509
"340",2,2006,"GOM","GLORYS",6.93967001600035,6.53279112245855,0.406878893541792
"341",2,2007,"GOM","GLORYS",6.30128535927484,6.53279112245855,-0.231505763183714
"342",2,2008,"GOM","GLORYS",6.25334751213495,6.53279112245855,-0.279443610323608
"343",2,2009,"GOM","GLORYS",6.39616145931709,6.53279112245855,-0.13662966314146
"344",2,2010,"GOM","GLORYS",7.06877466035012,6.53279112245855,0.535983537891564
"345",2,2011,"GOM","GLORYS",7.70213994966178,6.53279112245855,1.16934882720322
"346",2,2012,"GOM","GLORYS",7.84535953276631,6.53279112245855,1.31256841030776
"347",2,2013,"GOM","GLORYS",7.11466815572915,6.53279112245855,0.581877033270594
"348",2,2014,"GOM","GLORYS",7.29934558656588,6.53279112245855,0.766554464107328
"349",2,2015,"GOM","GLORYS",7.36988017144801,6.53279112245855,0.837089048989457
"350",2,2016,"GOM","GLORYS",7.99099397706249,6.53279112245855,1.45820285460394
"351",2,2017,"GOM","GLORYS",7.5283436796334,6.53279112245855,0.995552557174843
"352",2,2018,"GOM","GLORYS",7.98062456898258,6.53279112245855,1.44783344652403
"353",2,2019,"GOM","GLORYS",7.89930702318432,6.53279112245855,1.36651590072576
"354",2,2020,"GOM","GLORYS",8.70619693441827,6.53279112245855,2.17340581195971
"355",2,2021,"GOM","PSY",8.57663398425327,6.53279112245855,2.04384286179471
"356",2,2022,"GOM","PSY",7.59560040374464,6.53279112245855,1.06280928128609
"357",2,2023,"GOM","PSY",7.87487775503535,6.53279112245855,1.34208663257679
"358",2,1959,"GOM","ROMS",5.52449997680497,6.53279112245855,-1.00829114565359
"359",2,1960,"GOM","ROMS",5.44669890730825,6.53279112245855,-1.08609221515031
"360",2,1961,"GOM","ROMS",5.3980506545732,6.53279112245855,-1.13474046788535
"361",2,1962,"GOM","ROMS",5.31078585930498,6.53279112245855,-1.22200526315357
"362",2,1963,"GOM","ROMS",5.90448852968959,6.53279112245855,-0.628302592768968
"363",2,1964,"GOM","ROMS",6.61159828009094,6.53279112245855,0.0788071576323812
"364",2,1965,"GOM","ROMS",5.85551017894733,6.53279112245855,-0.677280943511227
"365",2,1966,"GOM","ROMS",5.95817008191738,6.53279112245855,-0.574621040541174
"366",2,1967,"GOM","ROMS",5.66278344104129,6.53279112245855,-0.870007681417261
"367",2,1968,"GOM","ROMS",5.24733631705897,6.53279112245855,-1.28545480539958
"368",2,1969,"GOM","ROMS",5.08628249945695,6.53279112245855,-1.4465086230016
"369",2,1970,"GOM","ROMS",6.0707843043309,6.53279112245855,-0.46200681812766
"370",2,1971,"GOM","ROMS",5.77730836122502,6.53279112245855,-0.755482761233532
"371",2,1972,"GOM","ROMS",6.00638324965726,6.53279112245855,-0.526407872801296
"372",2,1973,"GOM","ROMS",5.98669203346633,6.53279112245855,-0.546099088992226
"373",2,1974,"GOM","ROMS",6.59353292095248,6.53279112245855,0.0607417984939245
"374",2,1975,"GOM","ROMS",7.15780320383704,6.53279112245855,0.625012081378488
"375",2,1976,"GOM","ROMS",7.72713053362519,6.53279112245855,1.19433941116664
"376",2,1977,"GOM","ROMS",5.67437890187503,6.53279112245855,-0.858412220583525
"377",2,1978,"GOM","ROMS",5.46231796157207,6.53279112245855,-1.07047316088649
"378",2,1979,"GOM","ROMS",5.49305484558264,6.53279112245855,-1.03973627687591
"379",2,1980,"GOM","ROMS",5.60689390824762,6.53279112245855,-0.92589721421094
"380",2,1981,"GOM","ROMS",5.29289262764824,6.53279112245855,-1.23989849481032
"381",2,1982,"GOM","ROMS",5.37273835716779,6.53279112245855,-1.16005276529077
"382",2,1983,"GOM","ROMS",5.69551122974283,6.53279112245855,-0.837279892715726
"383",2,1984,"GOM","ROMS",6.43907557557936,6.53279112245855,-0.0937155468791984
"384",2,1985,"GOM","ROMS",6.28118598776587,6.53279112245855,-0.251605134692683
"385",2,1986,"GOM","ROMS",6.66625667758068,6.53279112245855,0.13346555512213
"386",2,1987,"GOM","ROMS",6.08984400998296,6.53279112245855,-0.442947112475597
"387",2,1988,"GOM","ROMS",6.54282355029423,6.53279112245855,0.0100324278356752
"388",2,1989,"GOM","ROMS",5.81222015507393,6.53279112245855,-0.720570967384622
"389",2,1990,"GOM","ROMS",6.17123961423844,6.53279112245855,-0.361551508220114
"390",2,1991,"GOM","ROMS",6.53461181071011,6.53279112245855,0.00182068825155746
"391",2,1992,"GOM","ROMS",5.23143875496941,6.53279112245855,-1.30135236748914
"392",3,1993,"GOM","GLORYS",6.6658042327557,7.12667871431784,-0.460874481562138
"393",3,1994,"GOM","GLORYS",7.65175790199335,7.12667871431784,0.525079187675515
"394",3,1995,"GOM","GLORYS",7.65256760622365,7.12667871431784,0.525888891905816
"395",3,1996,"GOM","GLORYS",7.57786702356257,7.12667871431784,0.451188309244735
"396",3,1997,"GOM","GLORYS",7.58700534100907,7.12667871431784,0.460326626691233
"397",3,1998,"GOM","GLORYS",6.31598161311867,7.12667871431784,-0.810697101199161
"398",3,1999,"GOM","GLORYS",7.3145301521918,7.12667871431784,0.18785143787396
"399",3,2000,"GOM","GLORYS",7.56849810156259,7.12667871431784,0.441819387244759
"400",3,2001,"GOM","GLORYS",7.14235294404976,7.12667871431784,0.0156742297319266
"401",3,2002,"GOM","GLORYS",7.69275341747873,7.12667871431784,0.566074703160895
"402",3,2003,"GOM","GLORYS",6.67430882046168,7.12667871431784,-0.452369893856154
"403",3,2004,"GOM","GLORYS",6.07979940464821,7.12667871431784,-1.04687930966963
"404",3,2005,"GOM","GLORYS",6.87111140355309,7.12667871431784,-0.255567310764743
"405",3,2006,"GOM","GLORYS",7.62022959726624,7.12667871431784,0.493550882948404
"406",3,2007,"GOM","GLORYS",6.56379151019238,7.12667871431784,-0.56288720412546
"407",3,2008,"GOM","GLORYS",6.72438047403485,7.12667871431784,-0.402298240282984
"408",3,2009,"GOM","GLORYS",6.45009328099619,7.12667871431784,-0.676585433321644
"409",3,2010,"GOM","GLORYS",8.12738403262251,7.12667871431784,1.00070531830467
"410",3,2011,"GOM","GLORYS",8.04410781749102,7.12667871431784,0.91742910317318
"411",3,2012,"GOM","GLORYS",8.35414556097503,7.12667871431784,1.22746684665719
"412",3,2013,"GOM","GLORYS",8.2662736382518,7.12667871431784,1.13959492393396
"413",3,2014,"GOM","GLORYS",7.61385640653022,7.12667871431784,0.487177692212389
"414",3,2015,"GOM","GLORYS",8.24829393251264,7.12667871431784,1.1216152181948
"415",3,2016,"GOM","GLORYS",8.8380249735148,7.12667871431784,1.71134625919697
"416",3,2017,"GOM","GLORYS",8.47506472051688,7.12667871431784,1.34838600619904
"417",3,2018,"GOM","GLORYS",8.48915907214053,7.12667871431784,1.36248035782269
"418",3,2019,"GOM","GLORYS",8.84695163449321,7.12667871431784,1.72027292017537
"419",3,2020,"GOM","GLORYS",9.23480493537323,7.12667871431784,2.1081262210554
"420",3,2021,"GOM","PSY",8.9484190090483,7.12667871431784,1.82174029473047
"421",3,2022,"GOM","PSY",7.69685535721097,7.12667871431784,0.570176642893134
"422",3,2023,"GOM","PSY",8.28439428616135,7.12667871431784,1.15771557184351
"423",3,1959,"GOM","ROMS",5.77575720682534,7.12667871431784,-1.3509215074925
"424",3,1960,"GOM","ROMS",5.43281862500959,7.12667871431784,-1.69386008930825
"425",3,1961,"GOM","ROMS",5.54907791123534,7.12667871431784,-1.5776008030825
"426",3,1962,"GOM","ROMS",5.39312590222631,7.12667871431784,-1.73355281209152
"427",3,1963,"GOM","ROMS",5.92204094657839,7.12667871431784,-1.20463776773944
"428",3,1964,"GOM","ROMS",6.55704941285155,7.12667871431784,-0.569629301466287
"429",3,1965,"GOM","ROMS",6.01591002849569,7.12667871431784,-1.11076868582215
"430",3,1966,"GOM","ROMS",6.01816932215403,7.12667871431784,-1.10850939216381
"431",3,1967,"GOM","ROMS",5.79570699859882,7.12667871431784,-1.33097171571902
"432",3,1968,"GOM","ROMS",5.51611971375707,7.12667871431784,-1.61055900056076
"433",3,1969,"GOM","ROMS",5.3198157552123,7.12667871431784,-1.80686295910554
"434",3,1970,"GOM","ROMS",6.20628789783956,7.12667871431784,-0.920390816478277
"435",3,1971,"GOM","ROMS",6.0116135150086,7.12667871431784,-1.11506519930924
"436",3,1972,"GOM","ROMS",6.25201002689516,7.12667871431784,-0.874668687422676
"437",3,1973,"GOM","ROMS",6.05938650778791,7.12667871431784,-1.06729220652992
"438",3,1974,"GOM","ROMS",6.76815380064616,7.12667871431784,-0.358524913671674
"439",3,1975,"GOM","ROMS",7.59732162177191,7.12667871431784,0.470642907454074
"440",3,1976,"GOM","ROMS",8.13030672885776,7.12667871431784,1.00362801453993
"441",3,1977,"GOM","ROMS",6.42896190734063,7.12667871431784,-0.697716806977203
"442",3,1978,"GOM","ROMS",5.98157708172181,7.12667871431784,-1.14510163259603
"443",3,1979,"GOM","ROMS",6.03465346930835,7.12667871431784,-1.09202524500948
"444",3,1980,"GOM","ROMS",6.32530926032147,7.12667871431784,-0.801369453996369
"445",3,1981,"GOM","ROMS",6.15720827251981,7.12667871431784,-0.969470441798028
"446",3,1982,"GOM","ROMS",5.84762126418501,7.12667871431784,-1.27905745013282
"447",3,1983,"GOM","ROMS",6.25328413166987,7.12667871431784,-0.873394582647961
"448",3,1984,"GOM","ROMS",6.97420861594849,7.12667871431784,-0.152470098369349
"449",3,1985,"GOM","ROMS",7.02833962402478,7.12667871431784,-0.0983390902930523
"450",3,1986,"GOM","ROMS",7.24122405020277,7.12667871431784,0.114545335884933
"451",3,1987,"GOM","ROMS",6.80034312340603,7.12667871431784,-0.326335590911805
"452",3,1988,"GOM","ROMS",7.15016177779424,7.12667871431784,0.0234830634764096
"453",3,1989,"GOM","ROMS",6.5956714815095,7.12667871431784,-0.531007232808333
"454",3,1990,"GOM","ROMS",6.83000197436443,7.12667871431784,-0.296676739953404
"455",3,1991,"GOM","ROMS",7.17840255054279,7.12667871431784,0.0517238362249559
"456",3,1992,"GOM","ROMS",5.85928764387989,7.12667871431784,-1.26739107043795
"457",1,1993,"GOM","GLORYS",6.79664608541788,7.02513270876786,-0.22848662334998
"458",1,1994,"GOM","GLORYS",7.30379870121266,7.02513270876786,0.278665992444806
"459",1,1995,"GOM","GLORYS",7.58742611513891,7.02513270876786,0.562293406371056
"460",1,1996,"GOM","GLORYS",7.36787493323464,7.02513270876786,0.342742224466785
"461",1,1997,"GOM","GLORYS",7.42240418103083,7.02513270876786,0.397271472262972
"462",1,1998,"GOM","GLORYS",7.05958443650646,7.02513270876786,0.0344517277386052
"463",1,1999,"GOM","GLORYS",6.40172379435168,7.02513270876786,-0.623408914416177
"464",1,2000,"GOM","GLORYS",7.62096104233887,7.02513270876786,0.595828333571017
"465",1,2001,"GOM","GLORYS",7.32700912905209,7.02513270876786,0.301876420284235
"466",1,2002,"GOM","GLORYS",7.22970065307729,7.02513270876786,0.204567944309439
"467",1,2003,"GOM","GLORYS",7.03004454932078,7.02513270876786,0.00491184055292582
"468",1,2004,"GOM","GLORYS",6.72318819919611,7.02513270876786,-0.301944509571744
"469",1,2005,"GOM","GLORYS",5.84291216725521,7.02513270876786,-1.18222054151265
"470",1,2006,"GOM","GLORYS",7.22247325123262,7.02513270876786,0.197340542464769
"471",1,2007,"GOM","GLORYS",7.50658244693644,7.02513270876786,0.481449738168587
"472",1,2008,"GOM","GLORYS",6.66609528117027,7.02513270876786,-0.35903742759759
"473",1,2009,"GOM","GLORYS",6.61287074124525,7.02513270876786,-0.412261967522609
"474",1,2010,"GOM","GLORYS",6.7310930501034,7.02513270876786,-0.294039658664454
"475",1,2011,"GOM","GLORYS",7.87284285251703,7.02513270876786,0.847710143749173
"476",1,2012,"GOM","GLORYS",8.24188814958997,7.02513270876786,1.21675544082211
"477",1,2013,"GOM","GLORYS",8.062102261809,7.02513270876786,1.03696955304115
"478",1,2014,"GOM","GLORYS",8.32569561888436,7.02513270876786,1.30056291011651
"479",1,2015,"GOM","GLORYS",8.3501710165379,7.02513270876786,1.32503830777004
"480",1,2016,"GOM","GLORYS",7.9611984986697,7.02513270876786,0.93606578990184
"481",1,2017,"GOM","GLORYS",8.3122779330996,7.02513270876786,1.28714522433174
"482",1,2018,"GOM","GLORYS",8.7468532056784,7.02513270876786,1.72172049691054
"483",1,2019,"GOM","GLORYS",8.02937232281457,7.02513270876786,1.00423961404671
"484",1,2020,"GOM","GLORYS",9.01572302832615,7.02513270876786,1.99059031955829
"485",1,2021,"GOM","PSY",8.41951826926431,7.02513270876786,1.39438556049646
"486",1,2022,"GOM","PSY",8.28535778177113,7.02513270876786,1.26022507300327
"487",1,2023,"GOM","PSY",8.17084637471721,7.02513270876786,1.14571366594935
"488",1,1958,"GOM","ROMS",7.31795823293273,7.02513270876786,0.292825524164879
"489",1,1959,"GOM","ROMS",6.60202738976098,7.02513270876786,-0.42310531900687
"490",1,1960,"GOM","ROMS",5.88967595346524,7.02513270876786,-1.13545675530261
"491",1,1961,"GOM","ROMS",5.67537784260808,7.02513270876786,-1.34975486615978
"492",1,1962,"GOM","ROMS",5.78232527342675,7.02513270876786,-1.24280743534111
"493",1,1963,"GOM","ROMS",6.10004647964527,7.02513270876786,-0.925086229122585
"494",1,1964,"GOM","ROMS",6.48494218611915,7.02513270876786,-0.540190522648703
"495",1,1965,"GOM","ROMS",5.60499734871614,7.02513270876786,-1.42013536005171
"496",1,1966,"GOM","ROMS",5.63678707842412,7.02513270876786,-1.38834563034373
"497",1,1967,"GOM","ROMS",5.76340577806138,7.02513270876786,-1.26172693070647
"498",1,1968,"GOM","ROMS",5.21170401158863,7.02513270876786,-1.81342869717922
"499",1,1969,"GOM","ROMS",5.1492790480363,7.02513270876786,-1.87585366073155
"500",1,1970,"GOM","ROMS",5.58092439801827,7.02513270876786,-1.44420831074959
"501",1,1971,"GOM","ROMS",5.63969110093603,7.02513270876786,-1.38544160783182
"502",1,1972,"GOM","ROMS",5.75499321945515,7.02513270876786,-1.27013948931271
"503",1,1973,"GOM","ROMS",5.9414140560543,7.02513270876786,-1.08371865271355
"504",1,1974,"GOM","ROMS",6.21824736417177,7.02513270876786,-0.80688534459609
"505",1,1975,"GOM","ROMS",8.07136691029572,7.02513270876786,1.04623420152786
"506",1,1976,"GOM","ROMS",7.69401043702858,7.02513270876786,0.668877728260728
"507",1,1977,"GOM","ROMS",6.39678555649822,7.02513270876786,-0.628347152269631
"508",1,1978,"GOM","ROMS",6.12819985709774,7.02513270876786,-0.896932851670114
"509",1,1979,"GOM","ROMS",6.0473543706628,7.02513270876786,-0.977778338105054
"510",1,1980,"GOM","ROMS",6.2990670241625,7.02513270876786,-0.726065684605354
"511",1,1981,"GOM","ROMS",5.46780573490022,7.02513270876786,-1.55732697386763
"512",1,1982,"GOM","ROMS",6.04286902554044,7.02513270876786,-0.982263683227412
"513",1,1983,"GOM","ROMS",5.96838412474599,7.02513270876786,-1.05674858402187
"514",1,1984,"GOM","ROMS",6.62092179675566,7.02513270876786,-0.404210912012191
"515",1,1985,"GOM","ROMS",6.76547183026707,7.02513270876786,-0.259660878500785
"516",1,1986,"GOM","ROMS",7.09803866515578,7.02513270876786,0.0729059563879275
"517",1,1987,"GOM","ROMS",6.94492437861135,7.02513270876786,-0.0802083301565073
"518",1,1988,"GOM","ROMS",6.99598321747459,7.02513270876786,-0.0291494912932606
"519",1,1989,"GOM","ROMS",6.74396358905234,7.02513270876786,-0.281169119715518
"520",1,1990,"GOM","ROMS",6.80982158841362,7.02513270876786,-0.215311120354237
"521",1,1991,"GOM","ROMS",7.15712233776993,7.02513270876786,0.131989629002073
"522",1,1992,"GOM","ROMS",6.69738557750544,7.02513270876786,-0.327747131262416
"523",4,1993,"MAB","GLORYS",12.088689736833,12.6591057333729,-0.570415996539868
"524",4,1994,"MAB","GLORYS",13.0514491162456,12.6591057333729,0.392343382872724
"525",4,1995,"MAB","GLORYS",13.0517918492881,12.6591057333729,0.392686115915154
"526",4,1996,"MAB","GLORYS",11.1273155925424,12.6591057333729,-1.5317901408305
"527",4,1997,"MAB","GLORYS",12.2151624581044,12.6591057333729,-0.443943275268541
"528",4,1998,"MAB","GLORYS",11.6853511277552,12.6591057333729,-0.973754605617714
"529",4,1999,"MAB","GLORYS",14.0043183100941,12.6591057333729,1.34521257672117
"530",4,2000,"MAB","GLORYS",12.3127697098815,12.6591057333729,-0.34633602349137
"531",4,2001,"MAB","GLORYS",13.8077084205877,12.6591057333729,1.14860268721482
"532",4,2002,"MAB","GLORYS",13.1774560032669,12.6591057333729,0.518350269893956
"533",4,2003,"MAB","GLORYS",12.4624781970994,12.6591057333729,-0.196627536273512
"534",4,2004,"MAB","GLORYS",12.2732363697343,12.6591057333729,-0.385869363638658
"535",4,2005,"MAB","GLORYS",12.6226803202438,12.6591057333729,-0.0364254131290931
"536",4,2006,"MAB","GLORYS",13.4194408353259,12.6591057333729,0.760335101952943
"537",4,2007,"MAB","GLORYS",11.6096312050131,12.6591057333729,-1.04947452835978
"538",4,2008,"MAB","GLORYS",12.8371705778694,12.6591057333729,0.178064844496539
"539",4,2009,"MAB","GLORYS",13.7148810874376,12.6591057333729,1.05577535406466
"540",4,2010,"MAB","GLORYS",12.40237228339,12.6591057333729,-0.25673344998293
"541",4,2011,"MAB","GLORYS",13.5979574632315,12.6591057333729,0.93885172985857
"542",4,2012,"MAB","GLORYS",13.0925135203042,12.6591057333729,0.43340778693134
"543",4,2013,"MAB","GLORYS",13.543725732238,12.6591057333729,0.884619998865052
"544",4,2014,"MAB","GLORYS",14.174872843364,12.6591057333729,1.51576710999109
"545",4,2015,"MAB","GLORYS",15.0615727670813,12.6591057333729,2.4024670337084
"546",4,2016,"MAB","GLORYS",13.8851621610562,12.6591057333729,1.22605642768325
"547",4,2017,"MAB","GLORYS",14.1321039874463,12.6591057333729,1.47299825407338
"548",4,2018,"MAB","GLORYS",12.9021101555774,12.6591057333729,0.243004422204484
"549",4,2019,"MAB","GLORYS",14.6009536292538,12.6591057333729,1.94184789588084
"550",4,2020,"MAB","GLORYS",13.3761720951876,12.6591057333729,0.717066361814691
"551",4,2020,"MAB","PSY",13.2691921603088,12.6591057333729,0.610086426935855
"552",4,2021,"MAB","PSY",14.4958095190999,12.6591057333729,1.83670378572703
"553",4,2022,"MAB","PSY",13.9659238074531,12.6591057333729,1.30681807408018
"554",4,1959,"MAB","ROMS",12.9340343528043,12.6591057333729,0.27492861943136
"555",4,1960,"MAB","ROMS",13.1983070338136,12.6591057333729,0.539201300440711
"556",4,1961,"MAB","ROMS",13.2679907719992,12.6591057333729,0.608885038626301
"557",4,1962,"MAB","ROMS",13.1777596903592,12.6591057333729,0.518653956986327
"558",4,1963,"MAB","ROMS",13.4726320067539,12.6591057333729,0.813526273381012
"559",4,1964,"MAB","ROMS",13.170052718964,12.6591057333729,0.510946985591104
"560",4,1965,"MAB","ROMS",11.5820544881183,12.6591057333729,-1.07705124525457
"561",4,1966,"MAB","ROMS",11.713845253004,12.6591057333729,-0.945260480368937
"562",4,1967,"MAB","ROMS",11.4922035370909,12.6591057333729,-1.16690219628201
"563",4,1968,"MAB","ROMS",11.49651918592,12.6591057333729,-1.16258654745293
"564",4,1969,"MAB","ROMS",12.8226246753368,12.6591057333729,0.163518941963893
"565",4,1970,"MAB","ROMS",12.3035583621145,12.6591057333729,-0.355547371258428
"566",4,1971,"MAB","ROMS",12.9032207432656,12.6591057333729,0.244115009892642
"567",4,1972,"MAB","ROMS",12.9667074228774,12.6591057333729,0.307601689504493
"568",4,1973,"MAB","ROMS",13.2332591411328,12.6591057333729,0.574153407759907
"569",4,1974,"MAB","ROMS",12.8509375631372,12.6591057333729,0.191831829764286
"570",4,1975,"MAB","ROMS",14.2136548393209,12.6591057333729,1.55454910594798
"571",4,1976,"MAB","ROMS",11.8557128667759,12.6591057333729,-0.80339286659701
"572",4,1977,"MAB","ROMS",13.3523590609043,12.6591057333729,0.693253327531364
"573",4,1978,"MAB","ROMS",13.5508863788976,12.6591057333729,0.891780645524676
"574",4,1979,"MAB","ROMS",12.4352537464463,12.6591057333729,-0.223851986926659
"575",4,1980,"MAB","ROMS",11.6723792096664,12.6591057333729,-0.986726523706556
"576",4,1981,"MAB","ROMS",11.6674204446522,12.6591057333729,-0.991685288720678
"577",4,1982,"MAB","ROMS",13.8170875116904,12.6591057333729,1.15798177831749
"578",4,1983,"MAB","ROMS",13.852012689194,12.6591057333729,1.19290695582108
"579",4,1984,"MAB","ROMS",12.8709322941869,12.6591057333729,0.211826560813941
"580",4,1985,"MAB","ROMS",15.0199727561364,12.6591057333729,2.36086702276344
"581",4,1986,"MAB","ROMS",14.5965356406462,12.6591057333729,1.93742990727332
"582",4,1987,"MAB","ROMS",13.4516383826753,12.6591057333729,0.792532649302435
"583",4,1988,"MAB","ROMS",13.2455209679699,12.6591057333729,0.58641523459702
"584",4,1989,"MAB","ROMS",13.2595895904048,12.6591057333729,0.600483857031932
"585",4,1990,"MAB","ROMS",13.2144348200291,12.6591057333729,0.555329086656213
"586",4,1991,"MAB","ROMS",14.2332375551688,12.6591057333729,1.57413182179592
"587",4,1992,"MAB","ROMS",13.1220767879492,12.6591057333729,0.462971054576304
"588",2,1993,"MAB","GLORYS",7.84923422392078,8.8198684888229,-0.970634264902118
"589",2,1994,"MAB","GLORYS",8.73020267972498,8.8198684888229,-0.0896658090979194
"590",2,1995,"MAB","GLORYS",9.11813703024807,8.8198684888229,0.298268541425168
"591",2,1996,"MAB","GLORYS",7.64415125164446,8.8198684888229,-1.17571723717844
"592",2,1997,"MAB","GLORYS",9.57185757775345,8.8198684888229,0.751989088930548
"593",2,1998,"MAB","GLORYS",8.26148512320046,8.8198684888229,-0.558383365622444
"594",2,1999,"MAB","GLORYS",9.53014952202133,8.8198684888229,0.710281033198426
"595",2,2000,"MAB","GLORYS",10.159889933583,8.8198684888229,1.34002144476009
"596",2,2001,"MAB","GLORYS",8.55080916935358,8.8198684888229,-0.269059319469317
"597",2,2002,"MAB","GLORYS",10.5522887372247,8.8198684888229,1.73242024840177
"598",2,2003,"MAB","GLORYS",7.86115734892075,8.8198684888229,-0.958711139902151
"599",2,2004,"MAB","GLORYS",7.26719434230271,8.8198684888229,-1.55267414652019
"600",2,2005,"MAB","GLORYS",7.74011219850585,8.8198684888229,-1.07975629031706
"601",2,2006,"MAB","GLORYS",9.96915553204708,8.8198684888229,1.14928704322418
"602",2,2007,"MAB","GLORYS",8.13602974056268,8.8198684888229,-0.68383874826022
"603",2,2008,"MAB","GLORYS",9.79946942729906,8.8198684888229,0.97960093847616
"604",2,2009,"MAB","GLORYS",9.37237576607509,8.8198684888229,0.552507277252191
"605",2,2010,"MAB","GLORYS",8.64393319442421,8.8198684888229,-0.175935294398693
"606",2,2011,"MAB","GLORYS",9.35836812496336,8.8198684888229,0.538499636140461
"607",2,2012,"MAB","GLORYS",11.7543702702235,8.8198684888229,2.9345017814006
"608",2,2013,"MAB","GLORYS",9.61838632798223,8.8198684888229,0.798517839159324
"609",2,2014,"MAB","GLORYS",9.22169646722293,8.8198684888229,0.401827978400028
"610",2,2015,"MAB","GLORYS",9.73311480230992,8.8198684888229,0.91324631348702
"611",2,2016,"MAB","GLORYS",10.2858111558106,8.8198684888229,1.46594266698768
"612",2,2017,"MAB","GLORYS",8.97735897809011,8.8198684888229,0.157490489267206
"613",2,2018,"MAB","GLORYS",8.43310931864598,8.8198684888229,-0.386759170176925
"614",2,2019,"MAB","GLORYS",8.91695573401875,8.8198684888229,0.097087245195846
"615",2,2020,"MAB","GLORYS",10.1698871576014,8.8198684888229,1.35001866877846
"616",2,2021,"MAB","PSY",11.1641179755895,8.8198684888229,2.34424948676664
"617",2,2022,"MAB","PSY",10.9513756906405,8.8198684888229,2.13150720181763
"618",2,2023,"MAB","PSY",10.2655457043028,8.8198684888229,1.44567721547985
"619",2,1959,"MAB","ROMS",7.47997703620109,8.8198684888229,-1.33989145262181
"620",2,1960,"MAB","ROMS",7.19814650439373,8.8198684888229,-1.62172198442917
"621",2,1961,"MAB","ROMS",7.18535176152083,8.8198684888229,-1.63451672730208
"622",2,1962,"MAB","ROMS",8.05011339107779,8.8198684888229,-0.769755097745115
"623",2,1963,"MAB","ROMS",7.67578020393726,8.8198684888229,-1.14408828488564
"624",2,1964,"MAB","ROMS",7.77164473079985,8.8198684888229,-1.04822375802306
"625",2,1965,"MAB","ROMS",7.05818327048102,8.8198684888229,-1.76168521834189
"626",2,1966,"MAB","ROMS",7.33068776909208,8.8198684888229,-1.48918071973082
"627",2,1967,"MAB","ROMS",7.58088136714568,8.8198684888229,-1.23898712167722
"628",2,1968,"MAB","ROMS",7.52541163093772,8.8198684888229,-1.29445685788518
"629",2,1969,"MAB","ROMS",7.29973773464444,8.8198684888229,-1.52013075417846
"630",2,1970,"MAB","ROMS",7.93223631846179,8.8198684888229,-0.887632170361108
"631",2,1971,"MAB","ROMS",7.28821642415637,8.8198684888229,-1.53165206466653
"632",2,1972,"MAB","ROMS",8.4971286951986,8.8198684888229,-0.322739793624301
"633",2,1973,"MAB","ROMS",8.25151451900896,8.8198684888229,-0.568353969813939
"634",2,1974,"MAB","ROMS",9.55644969066577,8.8198684888229,0.736581201842865
"635",2,1975,"MAB","ROMS",8.07215245964124,8.8198684888229,-0.747716029181666
"636",2,1976,"MAB","ROMS",9.40121447462712,8.8198684888229,0.581345985804223
"637",2,1977,"MAB","ROMS",8.1155554555821,8.8198684888229,-0.704313033240799
"638",2,1978,"MAB","ROMS",8.70562745723524,8.8198684888229,-0.114241031587659
"639",2,1979,"MAB","ROMS",7.54617305370491,8.8198684888229,-1.27369543511799
"640",2,1980,"MAB","ROMS",7.21650742496692,8.8198684888229,-1.60336106385598
"641",2,1981,"MAB","ROMS",7.64646365467742,8.8198684888229,-1.17340483414549
"642",2,1982,"MAB","ROMS",8.05172914090469,8.8198684888229,-0.768139347918208
"643",2,1983,"MAB","ROMS",8.7276677645719,8.8198684888229,-0.0922007242509988
"644",2,1984,"MAB","ROMS",7.09923295207625,8.8198684888229,-1.72063553674665
"645",2,1985,"MAB","ROMS",9.21274697626453,8.8198684888229,0.392878487441628
"646",2,1986,"MAB","ROMS",9.96822999213807,8.8198684888229,1.14836150331517
"647",2,1987,"MAB","ROMS",8.39713725480641,8.8198684888229,-0.422731234016494
"648",2,1988,"MAB","ROMS",8.45258185339096,8.8198684888229,-0.36728663543194
"649",2,1989,"MAB","ROMS",8.9020067391655,8.8198684888229,0.0821382503425951
"650",2,1990,"MAB","ROMS",10.0982347919091,8.8198684888229,1.27836630308622
"651",2,1991,"MAB","ROMS",9.7883858689586,8.8198684888229,0.968517380135696
"652",2,1992,"MAB","ROMS",8.98502001144215,8.8198684888229,0.165151522619253
"653",3,1993,"MAB","GLORYS",11.414281560232,11.9716547144282,-0.557373154196179
"654",3,1994,"MAB","GLORYS",11.8773670366244,11.9716547144282,-0.0942876778038002
"655",3,1995,"MAB","GLORYS",12.9689589383026,11.9716547144282,0.997304223874384
"656",3,1996,"MAB","GLORYS",10.766702209545,11.9716547144282,-1.20495250488326
"657",3,1997,"MAB","GLORYS",12.0284115948994,11.9716547144282,0.0567568804712035
"658",3,1998,"MAB","GLORYS",11.3538733927703,11.9716547144282,-0.61778132165796
"659",3,1999,"MAB","GLORYS",13.7129543861952,11.9716547144282,1.74129967176702
"660",3,2000,"MAB","GLORYS",12.3229781185157,11.9716547144282,0.351323404087502
"661",3,2001,"MAB","GLORYS",12.588825090576,11.9716547144282,0.617170376147783
"662",3,2002,"MAB","GLORYS",12.8647209743891,11.9716547144282,0.893066259960891
"663",3,2003,"MAB","GLORYS",11.3644574923326,11.9716547144282,-0.607197222095662
"664",3,2004,"MAB","GLORYS",9.85100669640999,11.9716547144282,-2.12064801801824
"665",3,2005,"MAB","GLORYS",11.6674886124449,11.9716547144282,-0.304166101983306
"666",3,2006,"MAB","GLORYS",13.1156306756708,11.9716547144282,1.14397596124258
"667",3,2007,"MAB","GLORYS",11.1783631673956,11.9716547144282,-0.793291547032663
"668",3,2008,"MAB","GLORYS",12.3342484142288,11.9716547144282,0.362593699800591
"669",3,2009,"MAB","GLORYS",12.2200010414824,11.9716547144282,0.2483463270542
"670",3,2010,"MAB","GLORYS",11.8595154576932,11.9716547144282,-0.112139256735063
"671",3,2011,"MAB","GLORYS",12.7718112036299,11.9716547144282,0.800156489201632
"672",3,2012,"MAB","GLORYS",13.7989724406865,11.9716547144282,1.82731772625831
"673",3,2013,"MAB","GLORYS",13.0207498458776,11.9716547144282,1.04909513144942
"674",3,2014,"MAB","GLORYS",14.0949035189392,11.9716547144282,2.12324880451099
"675",3,2015,"MAB","GLORYS",14.1120742141328,11.9716547144282,2.14041949970459
"676",3,2016,"MAB","GLORYS",13.8838661021191,11.9716547144282,1.91221138769085
"677",3,2017,"MAB","GLORYS",12.2141208582281,11.9716547144282,0.242466143799897
"678",3,2018,"MAB","GLORYS",11.7340264188018,11.9716547144282,-0.237628295626465
"679",3,2019,"MAB","GLORYS",13.4171110244293,11.9716547144282,1.44545631000111
"680",3,2020,"MAB","GLORYS",13.3421073817703,11.9716547144282,1.37045266734205
"681",3,2021,"MAB","PSY",13.6068270248224,11.9716547144282,1.63517231039415
"682",3,2022,"MAB","PSY",13.7659698406481,11.9716547144282,1.79431512621985
"683",3,2023,"MAB","PSY",13.5651839338674,11.9716547144282,1.59352921943917
"684",3,1959,"MAB","ROMS",9.91718627938426,11.9716547144282,-2.05446843504397
"685",3,1960,"MAB","ROMS",10.2858040788437,11.9716547144282,-1.68585063558449
"686",3,1961,"MAB","ROMS",10.105672901911,11.9716547144282,-1.8659818125172
"687",3,1962,"MAB","ROMS",11.2319580726017,11.9716547144282,-0.739696641826557
"688",3,1963,"MAB","ROMS",10.755435208778,11.9716547144282,-1.2162195056502
"689",3,1964,"MAB","ROMS",10.6949839211659,11.9716547144282,-1.27667079326234
"690",3,1965,"MAB","ROMS",9.31110901510696,11.9716547144282,-2.66054569932127
"691",3,1966,"MAB","ROMS",10.0778761455973,11.9716547144282,-1.89377856883092
"692",3,1967,"MAB","ROMS",10.1182719688885,11.9716547144282,-1.85338274553976
"693",3,1968,"MAB","ROMS",10.2889168050031,11.9716547144282,-1.68273790942511
"694",3,1969,"MAB","ROMS",10.4121249072772,11.9716547144282,-1.55952980715102
"695",3,1970,"MAB","ROMS",10.452236970662,11.9716547144282,-1.51941774376626
"696",3,1971,"MAB","ROMS",9.73211102633386,11.9716547144282,-2.23954368809437
"697",3,1972,"MAB","ROMS",11.6943876281389,11.9716547144282,-0.27726708628936
"698",3,1973,"MAB","ROMS",10.9810802435858,11.9716547144282,-0.990574470842477
"699",3,1974,"MAB","ROMS",12.2526580047474,11.9716547144282,0.281003290319186
"700",3,1975,"MAB","ROMS",10.850893039628,11.9716547144282,-1.12076167480028
"701",3,1976,"MAB","ROMS",11.5780254819256,11.9716547144282,-0.393629232502672
"702",3,1977,"MAB","ROMS",10.6082510620542,11.9716547144282,-1.36340365237402
"703",3,1978,"MAB","ROMS",11.066409535818,11.9716547144282,-0.905245178610263
"704",3,1979,"MAB","ROMS",9.96872673156539,11.9716547144282,-2.00292798286284
"705",3,1980,"MAB","ROMS",9.5755076341715,11.9716547144282,-2.39614708025672
"706",3,1981,"MAB","ROMS",10.224287627721,11.9716547144282,-1.74736708670722
"707",3,1982,"MAB","ROMS",10.8059021801047,11.9716547144282,-1.16575253432353
"708",3,1983,"MAB","ROMS",11.5053894319982,11.9716547144282,-0.466265282430063
"709",3,1984,"MAB","ROMS",9.4699406539659,11.9716547144282,-2.50171406046233
"710",3,1985,"MAB","ROMS",11.3649563468581,11.9716547144282,-0.606698367570107
"711",3,1986,"MAB","ROMS",12.1875316890109,11.9716547144282,0.215876974582674
"712",3,1987,"MAB","ROMS",10.8814835959843,11.9716547144282,-1.09017111844396
"713",3,1988,"MAB","ROMS",10.4410971878774,11.9716547144282,-1.53055752655082
"714",3,1989,"MAB","ROMS",11.0496460742626,11.9716547144282,-0.922008640165638
"715",3,1990,"MAB","ROMS",11.9077281133374,11.9716547144282,-0.0639266010907829
"716",3,1991,"MAB","ROMS",11.3988320884728,11.9716547144282,-0.572822625955409
"717",3,1992,"MAB","ROMS",11.0737532116957,11.9716547144282,-0.897901502732568
"718",1,1993,"MAB","GLORYS",6.89073494022277,7.92355141455205,-1.03281647432928
"719",1,1994,"MAB","GLORYS",7.34675460542829,7.92355141455205,-0.576796809123756
"720",1,1995,"MAB","GLORYS",8.42178374934127,7.92355141455205,0.498232334789215
"721",1,1996,"MAB","GLORYS",6.3359323315501,7.92355141455205,-1.58761908300196
"722",1,1997,"MAB","GLORYS",8.52692221390047,7.92355141455205,0.603370799348419
"723",1,1998,"MAB","GLORYS",7.58168094435101,7.92355141455205,-0.341870470201038
"724",1,1999,"MAB","GLORYS",8.79566614463305,7.92355141455205,0.872114730080998
"725",1,2000,"MAB","GLORYS",8.66066926886065,7.92355141455205,0.737117854308602
"726",1,2001,"MAB","GLORYS",7.45654642335546,7.92355141455205,-0.467004991196589
"727",1,2002,"MAB","GLORYS",9.778205923669,7.92355141455205,1.85465450911694
"728",1,2003,"MAB","GLORYS",7.08443064142357,7.92355141455205,-0.839120773128482
"729",1,2004,"MAB","GLORYS",6.78533816085105,7.92355141455205,-1.138213253701
"730",1,2005,"MAB","GLORYS",6.78651542078288,7.92355141455205,-1.13703599376917
"731",1,2006,"MAB","GLORYS",9.00324288871147,7.92355141455205,1.07969147415942
"732",1,2007,"MAB","GLORYS",8.87790962237819,7.92355141455205,0.954358207826143
"733",1,2008,"MAB","GLORYS",8.55924056064676,7.92355141455205,0.635689146094709
"734",1,2009,"MAB","GLORYS",8.49680396049303,7.92355141455205,0.57325254594098
"735",1,2010,"MAB","GLORYS",7.2355476613379,7.92355141455205,-0.688003753214149
"736",1,2011,"MAB","GLORYS",7.16763626007579,7.92355141455205,-0.755915154476258
"737",1,2012,"MAB","GLORYS",10.3689042371401,7.92355141455205,2.44535282258806
"738",1,2013,"MAB","GLORYS",8.44379299675316,7.92355141455205,0.520241582201113
"739",1,2014,"MAB","GLORYS",8.2484032338586,7.92355141455205,0.324851819306549
"740",1,2015,"MAB","GLORYS",8.23223025255208,7.92355141455205,0.308678838000031
"741",1,2016,"MAB","GLORYS",9.6914256212184,7.92355141455205,1.76787420666635
"742",1,2017,"MAB","GLORYS",8.89487294299506,7.92355141455205,0.971321528443005
"743",1,2018,"MAB","GLORYS",7.97304607912877,7.92355141455205,0.0494946645767165
"744",1,2019,"MAB","GLORYS",8.02099334692401,7.92355141455205,0.0974419323719609
"745",1,2020,"MAB","GLORYS",9.45382295219902,7.92355141455205,1.53027153764697
"746",1,2021,"MAB","PSY",8.99033117445851,7.92355141455205,1.06677975990646
"747",1,2022,"MAB","PSY",9.02967071494872,7.92355141455205,1.10611930039667
"748",1,2023,"MAB","PSY",9.50342372414916,7.92355141455205,1.57987230959711
"749",1,1958,"MAB","ROMS",9.42110713125581,7.92355141455205,1.49755571670376
"750",1,1959,"MAB","ROMS",7.29581464133348,7.92355141455205,-0.627736773218569
"751",1,1960,"MAB","ROMS",7.91010576330923,7.92355141455205,-0.0134456512428223
"752",1,1961,"MAB","ROMS",7.19006580809426,7.92355141455205,-0.733485606457795
"753",1,1962,"MAB","ROMS",7.62947346269093,7.92355141455205,-0.294077951861125
"754",1,1963,"MAB","ROMS",7.32399280022556,7.92355141455205,-0.599558614326495
"755",1,1964,"MAB","ROMS",7.61867510585187,7.92355141455205,-0.304876308700182
"756",1,1965,"MAB","ROMS",7.33430444384132,7.92355141455205,-0.589246970710732
"757",1,1966,"MAB","ROMS",6.73973367432716,7.92355141455205,-1.18381774022489
"758",1,1967,"MAB","ROMS",7.6295564507608,7.92355141455205,-0.293994963791254
"759",1,1968,"MAB","ROMS",6.64196116025603,7.92355141455205,-1.28159025429602
"760",1,1969,"MAB","ROMS",6.19550979636475,7.92355141455205,-1.72804161818731
"761",1,1970,"MAB","ROMS",7.60476955321161,7.92355141455205,-0.31878186134044
"762",1,1971,"MAB","ROMS",7.33873358135835,7.92355141455205,-0.584817833193701
"763",1,1972,"MAB","ROMS",8.61964488482379,7.92355141455205,0.696093470271743
"764",1,1973,"MAB","ROMS",7.78580662062267,7.92355141455205,-0.137744793929385
"765",1,1974,"MAB","ROMS",9.23527364957237,7.92355141455205,1.31172223502032
"766",1,1975,"MAB","ROMS",8.85570558599524,7.92355141455205,0.932154171443186
"767",1,1976,"MAB","ROMS",9.07161432456618,7.92355141455205,1.14806291001413
"768",1,1977,"MAB","ROMS",6.09259190056766,7.92355141455205,-1.83095951398439
"769",1,1978,"MAB","ROMS",7.72719581986857,7.92355141455205,-0.196355594683477
"770",1,1979,"MAB","ROMS",7.50155646723546,7.92355141455205,-0.421994947316593
"771",1,1980,"MAB","ROMS",6.93659630581362,7.92355141455205,-0.986955108738428
"772",1,1981,"MAB","ROMS",6.00645275063107,7.92355141455205,-1.91709866392098
"773",1,1982,"MAB","ROMS",6.75031836397799,7.92355141455205,-1.17323305057406
"774",1,1983,"MAB","ROMS",8.69269499804968,7.92355141455205,0.769143583497625
"775",1,1984,"MAB","ROMS",7.85389549280359,7.92355141455205,-0.0696559217484607
"776",1,1985,"MAB","ROMS",7.98573748890467,7.92355141455205,0.062186074352617
"777",1,1986,"MAB","ROMS",8.73929285375089,7.92355141455205,0.815741439198844
"778",1,1987,"MAB","ROMS",7.81555685154878,7.92355141455205,-0.107994563003276
"779",1,1988,"MAB","ROMS",7.70305746498735,7.92355141455205,-0.220493949564696
"780",1,1989,"MAB","ROMS",7.68338291999287,7.92355141455205,-0.240168494559183
"781",1,1990,"MAB","ROMS",8.53054817625768,7.92355141455205,0.606996761705631
"782",1,1991,"MAB","ROMS",8.62860209965085,7.92355141455205,0.705050685098795
"783",1,1992,"MAB","ROMS",8.74841924302716,7.92355141455205,0.824867828475108
"784",4,1993,"SS","GLORYS",8.80710602012883,8.41110659499246,0.395999425136369
"785",4,1994,"SS","GLORYS",8.92748645242183,8.41110659499246,0.516379857429369
"786",4,1995,"SS","GLORYS",8.88007519627162,8.41110659499246,0.468968601279158
"787",4,1996,"SS","GLORYS",7.57418786727423,8.41110659499246,-0.836918727718235
"788",4,1997,"SS","GLORYS",8.18104907691239,8.41110659499246,-0.230057518080077
"789",4,1998,"SS","GLORYS",7.09226660874147,8.41110659499246,-1.31883998625099
"790",4,1999,"SS","GLORYS",9.45129125923827,8.41110659499246,1.04018466424581
"791",4,2000,"SS","GLORYS",8.76232259789087,8.41110659499246,0.351216002898404
"792",4,2001,"SS","GLORYS",8.32720121205113,8.41110659499246,-0.083905382941337
"793",4,2002,"SS","GLORYS",9.13720074624467,8.41110659499246,0.726094151252209
"794",4,2003,"SS","GLORYS",8.60856419949427,8.41110659499246,0.197457604501801
"795",4,2004,"SS","GLORYS",7.22902302828911,8.41110659499246,-1.18208356670336
"796",4,2005,"SS","GLORYS",8.31866396623247,8.41110659499246,-0.0924426287599971
"797",4,2006,"SS","GLORYS",8.66693222693706,8.41110659499246,0.2558256319446
"798",4,2007,"SS","GLORYS",7.62090356667196,8.41110659499246,-0.790203028320501
"799",4,2008,"SS","GLORYS",7.97606894200718,8.41110659499246,-0.43503765298528
"800",4,2009,"SS","GLORYS",8.76152263921123,8.41110659499246,0.350416044218761
"801",4,2010,"SS","GLORYS",9.07805310384577,8.41110659499246,0.666946508853304
"802",4,2011,"SS","GLORYS",8.9276693696953,8.41110659499246,0.516562774702834
"803",4,2012,"SS","GLORYS",10.0243062708924,8.41110659499246,1.61319967589993
"804",4,2013,"SS","GLORYS",9.3075870050492,8.41110659499246,0.896480410056734
"805",4,2014,"SS","GLORYS",9.59936381081993,8.41110659499246,1.18825721582747
"806",4,2015,"SS","GLORYS",9.35440440939497,8.41110659499246,0.943297814402506
"807",4,2016,"SS","GLORYS",10.0310998161797,8.41110659499246,1.61999322118725
"808",4,2017,"SS","GLORYS",9.80736800821764,8.41110659499246,1.39626141322518
"809",4,2018,"SS","GLORYS",9.57304110464921,8.41110659499246,1.16193450965674
"810",4,2019,"SS","GLORYS",9.8386611412729,8.41110659499246,1.42755454628044
"811",4,2020,"SS","GLORYS",9.66480715369556,8.41110659499246,1.2537005587031
"812",4,2020,"SS","PSY",9.35180748880672,8.41110659499246,0.94070089381426
"813",4,2021,"SS","PSY",9.68998734194339,8.41110659499246,1.27888074695092
"814",4,2022,"SS","PSY",10.2180492125444,8.41110659499246,1.8069426175519
"815",4,1959,"SS","ROMS",7.77408934882526,8.41110659499246,-0.637017246167202
"816",4,1960,"SS","ROMS",7.50916094416762,8.41110659499246,-0.901945650824847
"817",4,1961,"SS","ROMS",7.39687118928297,8.41110659499246,-1.01423540570949
"818",4,1962,"SS","ROMS",8.18120986634697,8.41110659499246,-0.229896728645498
"819",4,1963,"SS","ROMS",7.51781518252395,8.41110659499246,-0.893291412468512
"820",4,1964,"SS","ROMS",6.98727301933924,8.41110659499246,-1.42383357565322
"821",4,1965,"SS","ROMS",7.14410575020563,8.41110659499246,-1.26700084478684
"822",4,1966,"SS","ROMS",7.75500243368739,8.41110659499246,-0.656104161305079
"823",4,1967,"SS","ROMS",7.56722265994315,8.41110659499246,-0.843883935049311
"824",4,1968,"SS","ROMS",8.20941879298521,8.41110659499246,-0.201687802007253
"825",4,1969,"SS","ROMS",8.24544631811037,8.41110659499246,-0.165660276882093
"826",4,1970,"SS","ROMS",8.74876436749079,8.41110659499246,0.337657772498321
"827",4,1971,"SS","ROMS",8.13029290954153,8.41110659499246,-0.280813685450932
"828",4,1972,"SS","ROMS",8.44701230988881,8.41110659499246,0.0359057148963426
"829",4,1973,"SS","ROMS",7.93184652688137,8.41110659499246,-0.479260068111095
"830",4,1974,"SS","ROMS",9.81498397937034,8.41110659499246,1.40387738437787
"831",4,1975,"SS","ROMS",9.08499890786777,8.41110659499246,0.673892312875303
"832",4,1976,"SS","ROMS",10.0145281311526,8.41110659499246,1.60342153616017
"833",4,1977,"SS","ROMS",8.60282063987986,8.41110659499246,0.191714044887396
"834",4,1978,"SS","ROMS",8.76247763157629,8.41110659499246,0.35137103658383
"835",4,1979,"SS","ROMS",8.53965483836492,8.41110659499246,0.12854824337246
"836",4,1980,"SS","ROMS",9.31853667613428,8.41110659499246,0.90743008114182
"837",4,1981,"SS","ROMS",9.05147378042955,8.41110659499246,0.640367185437087
"838",4,1982,"SS","ROMS",7.9120904261038,8.41110659499246,-0.499016168888666
"839",4,1983,"SS","ROMS",8.28663318272462,8.41110659499246,-0.124473412267845
"840",4,1984,"SS","ROMS",9.24794015985686,8.41110659499246,0.836833564864394
"841",4,1985,"SS","ROMS",9.40220773293917,8.41110659499246,0.991101137946705
"842",4,1986,"SS","ROMS",9.19128395923142,8.41110659499246,0.780177364238957
"843",4,1987,"SS","ROMS",8.59939801065198,8.41110659499246,0.188291415659519
"844",4,1988,"SS","ROMS",8.22336477731653,8.41110659499246,-0.18774181767593
"845",4,1989,"SS","ROMS",8.90257822557919,8.41110659499246,0.49147163058673
"846",4,1990,"SS","ROMS",9.26631201038926,8.41110659499246,0.855205415396798
"847",4,1991,"SS","ROMS",10.0267094511257,8.41110659499246,1.61560285613326
"848",4,1992,"SS","ROMS",7.82978118891631,8.41110659499246,-0.581325406076154
"849",2,1993,"SS","GLORYS",5.95469980253278,6.66155320703133,-0.706853404498554
"850",2,1994,"SS","GLORYS",7.4991484458204,6.66155320703133,0.837595238789065
"851",2,1995,"SS","GLORYS",6.90040019087625,6.66155320703133,0.23884698384492
"852",2,1996,"SS","GLORYS",6.76094062752439,6.66155320703133,0.0993874204930618
"853",2,1997,"SS","GLORYS",6.97420154890656,6.66155320703133,0.312648341875231
"854",2,1998,"SS","GLORYS",5.66666808514718,6.66155320703133,-0.994885121884152
"855",2,1999,"SS","GLORYS",7.06779349501284,6.66155320703133,0.40624028798151
"856",2,2000,"SS","GLORYS",7.18048889400898,6.66155320703133,0.518935686977645
"857",2,2001,"SS","GLORYS",6.38299036793424,6.66155320703133,-0.278562839097095
"858",2,2002,"SS","GLORYS",7.20607555128753,6.66155320703133,0.544522344256198
"859",2,2003,"SS","GLORYS",6.58668014145593,6.66155320703133,-0.0748730655754031
"860",2,2004,"SS","GLORYS",6.04191993063984,6.66155320703133,-0.619633276391488
"861",2,2005,"SS","GLORYS",6.2812549763607,6.66155320703133,-0.38029823067063
"862",2,2006,"SS","GLORYS",7.292224681289,6.66155320703133,0.630671474257674
"863",2,2007,"SS","GLORYS",5.78777238829323,6.66155320703133,-0.873780818738104
"864",2,2008,"SS","GLORYS",6.27381823188151,6.66155320703133,-0.387734975149823
"865",2,2009,"SS","GLORYS",6.37906962559214,6.66155320703133,-0.282483581439194
"866",2,2010,"SS","GLORYS",7.67181074200046,6.66155320703133,1.01025753496913
"867",2,2011,"SS","GLORYS",7.51553445035314,6.66155320703133,0.853981243321813
"868",2,2012,"SS","GLORYS",8.19791660793906,6.66155320703133,1.53636340090773
"869",2,2013,"SS","GLORYS",7.60438813729648,6.66155320703133,0.942834930265145
"870",2,2014,"SS","GLORYS",7.35485147053512,6.66155320703133,0.69329826350379
"871",2,2015,"SS","GLORYS",7.41536165812655,6.66155320703133,0.753808451095214
"872",2,2016,"SS","GLORYS",8.05618366987809,6.66155320703133,1.39463046284676
"873",2,2017,"SS","GLORYS",7.48953430025704,6.66155320703133,0.827981093225711
"874",2,2018,"SS","GLORYS",8.45273555056867,6.66155320703133,1.79118234353734
"875",2,2019,"SS","GLORYS",8.24073005153481,6.66155320703133,1.57917684450348
"876",2,2020,"SS","GLORYS",7.71103024666473,6.66155320703133,1.0494770396334
"877",2,2021,"SS","PSY",9.06704909575293,6.66155320703133,2.4054958887216
"878",2,2022,"SS","PSY",8.4181647334993,6.66155320703133,1.75661152646797
"879",2,2023,"SS","PSY",7.84393018419607,6.66155320703133,1.18237697716473
"880",2,1959,"SS","ROMS",6.12201009982218,6.66155320703133,-0.539543107209149
"881",2,1960,"SS","ROMS",5.90094681658194,6.66155320703133,-0.760606390449388
"882",2,1961,"SS","ROMS",5.41311263025092,6.66155320703133,-1.24844057678041
"883",2,1962,"SS","ROMS",5.75320470923429,6.66155320703133,-0.908348497797039
"884",2,1963,"SS","ROMS",6.08671192037804,6.66155320703133,-0.574841286653296
"885",2,1964,"SS","ROMS",5.89182547559638,6.66155320703133,-0.769727731434949
"886",2,1965,"SS","ROMS",5.5638031844265,6.66155320703133,-1.09775002260483
"887",2,1966,"SS","ROMS",6.13027050358949,6.66155320703133,-0.531282703441846
"888",2,1967,"SS","ROMS",5.8214147512876,6.66155320703133,-0.840138455743729
"889",2,1968,"SS","ROMS",6.21994027378302,6.66155320703133,-0.441612933248315
"890",2,1969,"SS","ROMS",6.33720339069236,6.66155320703133,-0.324349816338968
"891",2,1970,"SS","ROMS",6.5192112726303,6.66155320703133,-0.142341934401035
"892",2,1971,"SS","ROMS",6.1743834174773,6.66155320703133,-0.48716978955403
"893",2,1972,"SS","ROMS",6.64520289242056,6.66155320703133,-0.0163503146107722
"894",2,1973,"SS","ROMS",6.28913085338597,6.66155320703133,-0.372422353645362
"895",2,1974,"SS","ROMS",7.31254172951797,6.66155320703133,0.650988522486641
"896",2,1975,"SS","ROMS",7.22382327267159,6.66155320703133,0.562270065640254
"897",2,1976,"SS","ROMS",7.63017672730169,6.66155320703133,0.968623520270364
"898",2,1977,"SS","ROMS",6.73478638995491,6.66155320703133,0.0732331829235831
"899",2,1978,"SS","ROMS",6.18369622851676,6.66155320703133,-0.477856978514571
"900",2,1979,"SS","ROMS",5.93499690647264,6.66155320703133,-0.726556300558695
"901",2,1980,"SS","ROMS",6.4804002612915,6.66155320703133,-0.181152945739827
"902",2,1981,"SS","ROMS",6.78624395705761,6.66155320703133,0.124690750026283
"903",2,1982,"SS","ROMS",6.25241137854896,6.66155320703133,-0.409141828482376
"904",2,1983,"SS","ROMS",6.21370478943451,6.66155320703133,-0.447848417596824
"905",2,1984,"SS","ROMS",6.48154406153815,6.66155320703133,-0.180009145493178
"906",2,1985,"SS","ROMS",7.09771190116167,6.66155320703133,0.436158694130339
"907",2,1986,"SS","ROMS",7.21204780884291,6.66155320703133,0.550494601811583
"908",2,1987,"SS","ROMS",6.0125856765109,6.66155320703133,-0.648967530520429
"909",2,1988,"SS","ROMS",6.82630738507907,6.66155320703133,0.164754178047739
"910",2,1989,"SS","ROMS",6.47954262913272,6.66155320703133,-0.182010577898614
"911",2,1990,"SS","ROMS",6.81777880061004,6.66155320703133,0.156225593578706
"912",2,1991,"SS","ROMS",7.27962322748838,6.66155320703133,0.618070020457045
"913",2,1992,"SS","ROMS",5.97852556302577,6.66155320703133,-0.683027644005558
"914",3,1993,"SS","GLORYS",8.09528265596465,8.02419166248615,0.071090993478494
"915",3,1994,"SS","GLORYS",8.8685107410537,8.02419166248615,0.844319078567549
"916",3,1995,"SS","GLORYS",8.30177610754976,8.02419166248615,0.27758444506361
"917",3,1996,"SS","GLORYS",7.44216738296259,8.02419166248615,-0.582024279523569
"918",3,1997,"SS","GLORYS",8.1522921372814,8.02419166248615,0.128100474795247
"919",3,1998,"SS","GLORYS",6.89444364074459,8.02419166248615,-1.12974802174157
"920",3,1999,"SS","GLORYS",8.74222035279963,8.02419166248615,0.718028690313478
"921",3,2000,"SS","GLORYS",8.41197071936074,8.02419166248615,0.387779056874589
"922",3,2001,"SS","GLORYS",7.80945559505018,8.02419166248615,-0.214736067435971
"923",3,2002,"SS","GLORYS",8.7363725237097,8.02419166248615,0.712180861223549
"924",3,2003,"SS","GLORYS",7.86177129746267,8.02419166248615,-0.162420365023483
"925",3,2004,"SS","GLORYS",6.89000167250094,8.02419166248615,-1.13418998998521
"926",3,2005,"SS","GLORYS",8.00916469552243,8.02419166248615,-0.0150269669637222
"927",3,2006,"SS","GLORYS",8.69764622631721,8.02419166248615,0.673454563831058
"928",3,2007,"SS","GLORYS",7.29559597363946,8.02419166248615,-0.728595688846697
"929",3,2008,"SS","GLORYS",7.6106234905096,8.02419166248615,-0.413568171976552
"930",3,2009,"SS","GLORYS",7.99082535761016,8.02419166248615,-0.0333663048759929
"931",3,2010,"SS","GLORYS",8.62532935471134,8.02419166248615,0.601137692225183
"932",3,2011,"SS","GLORYS",8.40981501482444,8.02419166248615,0.385623352338282
"933",3,2012,"SS","GLORYS",9.56118141698536,8.02419166248615,1.5369897544992
"934",3,2013,"SS","GLORYS",8.91634891298104,8.02419166248615,0.892157250494884
"935",3,2014,"SS","GLORYS",8.44249379915563,8.02419166248615,0.418302136669475
"936",3,2015,"SS","GLORYS",8.78608557153985,8.02419166248615,0.761893909053692
"937",3,2016,"SS","GLORYS",9.23328417428392,8.02419166248615,1.20909251179777
"938",3,2017,"SS","GLORYS",8.81967163375951,8.02419166248615,0.795479971273355
"939",3,2018,"SS","GLORYS",9.25133202859681,8.02419166248615,1.22714036611065
"940",3,2019,"SS","GLORYS",9.45366229493763,8.02419166248615,1.42947063245147
"941",3,2020,"SS","GLORYS",9.16601032968554,8.02419166248615,1.14181866719938
"942",3,2021,"SS","PSY",9.12934685665834,8.02419166248615,1.10515519417218
"943",3,2022,"SS","PSY",9.19765207548409,8.02419166248615,1.17346041299793
"944",3,2023,"SS","PSY",8.6129177469278,8.02419166248615,0.588726084441644
"945",3,1959,"SS","ROMS",7.69149590576496,8.02419166248615,-0.332695756721199
"946",3,1960,"SS","ROMS",7.16928450949676,8.02419166248615,-0.8549071529894
"947",3,1961,"SS","ROMS",7.35485940836663,8.02419166248615,-0.669332254119529
"948",3,1962,"SS","ROMS",7.08234713665481,8.02419166248615,-0.941844525831347
"949",3,1963,"SS","ROMS",7.04669316094696,8.02419166248615,-0.977498501539191
"950",3,1964,"SS","ROMS",7.13836662169776,8.02419166248615,-0.885825040788392
"951",3,1965,"SS","ROMS",6.6876556901083,8.02419166248615,-1.33653597237786
"952",3,1966,"SS","ROMS",7.19556202444306,8.02419166248615,-0.828629638043096
"953",3,1967,"SS","ROMS",7.35684224227609,8.02419166248615,-0.667349420210063
"954",3,1968,"SS","ROMS",7.67810397196138,8.02419166248615,-0.346087690524777
"955",3,1969,"SS","ROMS",7.75280784294528,8.02419166248615,-0.27138381954087
"956",3,1970,"SS","ROMS",8.31334516372759,8.02419166248615,0.289153501241433
"957",3,1971,"SS","ROMS",7.45483069415113,8.02419166248615,-0.569360968335024
"958",3,1972,"SS","ROMS",8.01926590771469,8.02419166248615,-0.00492575477146673
"959",3,1973,"SS","ROMS",7.64197312271533,8.02419166248615,-0.382218539770824
"960",3,1974,"SS","ROMS",9.2882099912314,8.02419166248615,1.26401832874525
"961",3,1975,"SS","ROMS",8.59474072478516,8.02419166248615,0.570549062299008
"962",3,1976,"SS","ROMS",9.24943021215793,8.02419166248615,1.22523854967177
"963",3,1977,"SS","ROMS",8.38919106322667,8.02419166248615,0.364999400740519
"964",3,1978,"SS","ROMS",8.04774756631515,8.02419166248615,0.0235559038289921
"965",3,1979,"SS","ROMS",7.94428246624505,8.02419166248615,-0.0799091962411067
"966",3,1980,"SS","ROMS",8.8769671142675,8.02419166248615,0.852775451781342
"967",3,1981,"SS","ROMS",8.33732506584997,8.02419166248615,0.313133403363818
"968",3,1982,"SS","ROMS",7.68878220599209,8.02419166248615,-0.33540945649407
"969",3,1983,"SS","ROMS",8.02558099959775,8.02419166248615,0.00138933711159162
"970",3,1984,"SS","ROMS",8.6819152741955,8.02419166248615,0.657723611709343
"971",3,1985,"SS","ROMS",8.97665725185328,8.02419166248615,0.952465589367126
"972",3,1986,"SS","ROMS",8.76280726524222,8.02419166248615,0.738615602756063
"973",3,1987,"SS","ROMS",7.87296290590325,8.02419166248615,-0.1512287565829
"974",3,1988,"SS","ROMS",8.12983745600959,8.02419166248615,0.105645793523431
"975",3,1989,"SS","ROMS",8.34747855934188,8.02419166248615,0.323286896855723
"976",3,1990,"SS","ROMS",8.77188141915186,8.02419166248615,0.747689756665705
"977",3,1991,"SS","ROMS",9.28964540745809,8.02419166248615,1.26545374497193
"978",3,1992,"SS","ROMS",7.16739164801717,8.02419166248615,-0.856800014468986
"979",1,1993,"SS","GLORYS",6.38314975434239,6.7844031665821,-0.401253412239708
"980",1,1994,"SS","GLORYS",7.41408737173941,6.7844031665821,0.629684205157312
"981",1,1995,"SS","GLORYS",6.99929279109506,6.7844031665821,0.214889624512956
"982",1,1996,"SS","GLORYS",7.10528164842173,6.7844031665821,0.320878481839633
"983",1,1997,"SS","GLORYS",7.10076128327278,6.7844031665821,0.31635811669068
"984",1,1998,"SS","GLORYS",6.03643719464184,6.7844031665821,-0.747965971940264
"985",1,1999,"SS","GLORYS",6.19652033385622,6.7844031665821,-0.587882832725876
"986",1,2000,"SS","GLORYS",7.4454904356279,6.7844031665821,0.661087269045796
"987",1,2001,"SS","GLORYS",7.15807483920879,6.7844031665821,0.373671672626687
"988",1,2002,"SS","GLORYS",6.94322786943123,6.7844031665821,0.158824702849127
"989",1,2003,"SS","GLORYS",6.91872729457034,6.7844031665821,0.134324127988236
"990",1,2004,"SS","GLORYS",6.56721427956208,6.7844031665821,-0.217188887020019
"991",1,2005,"SS","GLORYS",5.79920804717462,6.7844031665821,-0.985195119407481
"992",1,2006,"SS","GLORYS",7.04167969527302,6.7844031665821,0.257276528690915
"993",1,2007,"SS","GLORYS",6.76765152847184,6.7844031665821,-0.0167516381102661
"994",1,2008,"SS","GLORYS",6.44859245761797,6.7844031665821,-0.335810708964136
"995",1,2009,"SS","GLORYS",6.43411147143505,6.7844031665821,-0.350291695147053
"996",1,2010,"SS","GLORYS",7.35974870273557,6.7844031665821,0.575345536153465
"997",1,2011,"SS","GLORYS",7.54956793781339,6.7844031665821,0.765164771231293
"998",1,2012,"SS","GLORYS",7.90330509536324,6.7844031665821,1.11890192878114
"999",1,2013,"SS","GLORYS",7.86354544268914,6.7844031665821,1.07914227610704
"1000",1,2014,"SS","GLORYS",8.0881603646331,6.7844031665821,1.30375719805099
"1001",1,2015,"SS","GLORYS",8.43620055261855,6.7844031665821,1.65179738603644
"1002",1,2016,"SS","GLORYS",7.90056316576307,6.7844031665821,1.11615999918097
"1003",1,2017,"SS","GLORYS",8.20978817936754,6.7844031665821,1.42538501278544
"1004",1,2018,"SS","GLORYS",8.48077457578361,6.7844031665821,1.69637140920151
"1005",1,2019,"SS","GLORYS",7.76010219400369,6.7844031665821,0.975699027421586
"1006",1,2020,"SS","GLORYS",8.3384991136595,6.7844031665821,1.5540959470774
"1007",1,2021,"SS","PSY",8.84542111259778,6.7844031665821,2.06101794601568
"1008",1,2022,"SS","PSY",7.85338209447203,6.7844031665821,1.06897892788993
"1009",1,2023,"SS","PSY",7.63372475366036,6.7844031665821,0.849321587078254
"1010",1,1958,"SS","ROMS",5.3697910968584,6.7844031665821,-1.41461206972371
"1011",1,1959,"SS","ROMS",5.32242792098337,6.7844031665821,-1.46197524559873
"1012",1,1960,"SS","ROMS",5.3946539134223,6.7844031665821,-1.3897492531598
"1013",1,1961,"SS","ROMS",5.02201687752071,6.7844031665821,-1.76238628906139
"1014",1,1962,"SS","ROMS",5.27019345229263,6.7844031665821,-1.51420971428948
"1015",1,1963,"SS","ROMS",5.82471232086142,6.7844031665821,-0.959690845720681
"1016",1,1964,"SS","ROMS",5.58570982355271,6.7844031665821,-1.19869334302939
"1017",1,1965,"SS","ROMS",5.02439004123181,6.7844031665821,-1.76001312535029
"1018",1,1966,"SS","ROMS",5.17335605308485,6.7844031665821,-1.61104711349725
"1019",1,1967,"SS","ROMS",5.45301258971808,6.7844031665821,-1.33139057686402
"1020",1,1968,"SS","ROMS",5.01230869605026,6.7844031665821,-1.77209447053184
"1021",1,1969,"SS","ROMS",5.50033629787488,6.7844031665821,-1.28406686870722
"1022",1,1970,"SS","ROMS",6.14921572128527,6.7844031665821,-0.635187445296829
"1023",1,1971,"SS","ROMS",5.46207925819697,6.7844031665821,-1.32232390838513
"1024",1,1972,"SS","ROMS",5.77381197027494,6.7844031665821,-1.01059119630716
"1025",1,1973,"SS","ROMS",5.69452659760767,6.7844031665821,-1.08987656897443
"1026",1,1974,"SS","ROMS",6.54510490789668,6.7844031665821,-0.239298258685419
"1027",1,1975,"SS","ROMS",7.43238166386979,6.7844031665821,0.647978497287692
"1028",1,1976,"SS","ROMS",7.33494321613895,6.7844031665821,0.550540049556846
"1029",1,1977,"SS","ROMS",6.41805040699161,6.7844031665821,-0.366352759590492
"1030",1,1978,"SS","ROMS",6.24417948758146,6.7844031665821,-0.540223679000637
"1031",1,1979,"SS","ROMS",6.22664345867265,6.7844031665821,-0.557759707909455
"1032",1,1980,"SS","ROMS",6.68793406387729,6.7844031665821,-0.0964691027048161
"1033",1,1981,"SS","ROMS",6.36441309813021,6.7844031665821,-0.419990068451887
"1034",1,1982,"SS","ROMS",6.8415059573584,6.7844031665821,0.0571027907762947
"1035",1,1983,"SS","ROMS",6.14724570265051,6.7844031665821,-0.637157463931593
"1036",1,1984,"SS","ROMS",6.74576714923644,6.7844031665821,-0.0386360173456648
"1037",1,1985,"SS","ROMS",7.53835969984717,6.7844031665821,0.753956533265066
"1038",1,1986,"SS","ROMS",7.11703641702133,6.7844031665821,0.332633250439231
"1039",1,1987,"SS","ROMS",6.70266261909452,6.7844031665821,-0.0817405474875779
"1040",1,1988,"SS","ROMS",6.93714593808343,6.7844031665821,0.152742771501328
"1041",1,1989,"SS","ROMS",5.9764978639059,6.7844031665821,-0.807905302676206
"1042",1,1990,"SS","ROMS",6.39751950458918,6.7844031665821,-0.38688366199292
"1043",1,1991,"SS","ROMS",7.29611791336911,6.7844031665821,0.511714746787004
"1044",1,1992,"SS","ROMS",6.88472803832449,6.7844031665821,0.100324871742385
